form	lemma	POS	morph
༄༅། །		PUNCT
རྡོ་རྗེ་	རྡོ་རྗེ་	NOUN
བདུད་རྩི་	བདུད་རྩི་	NOUN
གསང་བ་	གསང་བ་	VERB
ཆེན་པོ་	ཆེན་པོ་	ADJ
འི་	གི་	PART
མན་ངག་	མན་ངག་	NOUN
སྙིང་ཏིག་	སྙིང་ཏིག་	OTHER
ཟབ་མོ་	ཟབ་མོ་	ADJ
འི་	གི་	PART
ལས་བྱང་	ལས་བྱང་	OTHER
བཀླག་	བཀླག་	VERB
ཆོག་	ཆོག་	VERB
ཏུ་	ལ་	PART
བཀོད་པ་	བཀོད་པ་	VERB
བདུད་རྩི་	བདུད་རྩི་	NOUN
འི་	གི་	PART
སྤྲིན་ཕུང་	སྤྲིན་ཕུང་	NOUN
ཞེ་	ཅེས་	PART
བྱ་བ་	བྱ་བ་	VERB
བཞུགས་	བཞུགས་	VERB
སོ་	གོ་	PART
"། 

།"		PUNCT
སྟོང་ཉིད་	སྟོང་ཉིད་	NOUN
རྡོ་རྗེ་	རྡོ་རྗེ་	NOUN
བདེ་བ་	བདེ་བ་	VERB
འི་	གི་	PART
ག་	ག་	NOUN
། །		PUNCT
སྙིང་རྗེ་	སྙིང་རྗེ་	NOUN
འི་	གི་	PART
བདུད་རྩི་	བདུད་རྩི་	NOUN
ཐིག་ལེ་	ཐིག་ལེ་	NOUN
འི་	གི་	PART
སྐུ་	སྐུ་	NOUN
། །		PUNCT
རྒྱལ་	རྒྱལ་	VERB
ཀུན་	ཀུན་	DET
སྤྱི་གཟུགས་	སྤྱི་གཟུགས་	OTHER
ལ་	ལ་	PART
བཏུད་	བཏུད་	NO_POS
ན་	ནས་	PART
། །		PUNCT
བདུད་རྩི་	བདུད་རྩི་	NOUN
གསང་བ་	གསང་བ་	VERB
འི་	གི་	PART
ཕྲིན་ལས་	ཕྲིན་ལས་	NOUN
སྤེལ་	སྤེལ་	VERB
།		PUNCT
དེ་	སྟེ་	PART
ལ་	ལ་	PART
བྱང་ཆུབ་	བྱང་ཆུབ་	NOUN
ཀྱི་	གི་	PART
སེམས་	སེམས་	NOUN
འབྱོངས་	འབྱོངས་	NO_POS
ཤིང་	ཅིང་	PART
།		PUNCT
དབང་	དབང་	NOUN
ཐོབ་	ཐོབ་	VERB
ཅིང་	ཅིང་	PART
དམ་ཚིག་	དམ་ཚིག་	NOUN
རྣམ་པ་	རྣམ་པ་	NOUN
ར་	ལ་	PART
དག་པ་	དག་པ་	VERB
འི་	གི་	PART
གང་ཟག་	གང་ཟག་	NOUN
གིས་	གིས་	PART
།		PUNCT
གནས་	གནས་	NOUN
དབེན་	དབེན་	VERB
ཞིང་	ཅིང་	PART
བྱིན་རླབས་	བྱིན་རླབས་	NOUN
ཀྱི་	གི་	PART
ཟིལ་	ཟིལ་	NOUN
ལྡན་པ་	ལྡན་པ་	VERB
ར་	ལ་	PART
སྐུ་གསུང་ཐུགས་	སྐུ་གསུང་ཐུགས་	NOUN
ཀྱི་	གི་	PART
རྟེན་	རྟེན་	NOUN
བཀྲམ་	བཀྲམ་	VERB
སྨན་	སྨན་	NOUN
གཏོ་	གཏོ་	VERB
རཀྟ་		NON_WORD
ཚོགས་	ཚོགས་	NOUN
ཀྱི་	གི་	PART
ཡོ་བྱད་	ཡོ་བྱད་	NOUN
ཆད་	ཆད་	VERB
བརྟན་	བརྟན་	VERB
དཀ་	དཀའ་	VERB
ར་	ལ་	PART
བགེགས་	བགེགས་	NOUN
རོལ་མོ་	རོལ་མོ་	NOUN
འི་	གི་	PART
བྱེ་བྲག་	བྱེ་བྲག་	NOUN
སོགས་	སོགས་	DET
ཚོགས་པ་	ཚོགས་པ་	VERB
ར་	ལ་	PART
བྱ་	བྱ་	VERB
ན་	ནས་	PART
།		PUNCT
བདུད་རྩི་	བདུད་རྩི་	NOUN
ཆུ་	ཆུ་	NOUN
ཡི་	གི་	PART
ཁྲུ་	ཁྲུ་	NOUN
བྱ་	བྱ་	VERB
བདེ་བ་	བདེ་བ་	VERB
འི་	གི་	PART
སྟན་	སྟན་	NOUN
ལ་	ལ་	PART
ལུས་གནད་	ལུས་གནད་	NO_POS
བསྲང་	བསྲང་	NO_POS
རླུང་	རླུང་	NOUN
རོ་	རོ་	NOUN
བསལ་	བསལ་	VERB
ཞིང་	ཅིང་	PART
ངེས་འབྱུང་	ངེས་འབྱུང་	NOUN
དང་	དང་	NO_POS
བྱང་ཆུབ་	བྱང་ཆུབ་	NOUN
སེམས་	སེམས་	NOUN
གཉིས་	གཉིས་	NUM
ཡིད་	ཡིད་	NOUN
ལ་	ལ་	PART
བྱ་	བྱ་	VERB
ཏེ་	སྟེ་	PART
།		PUNCT
ཆོ་ག་	ཆོ་ག་	NOUN
དངོ་	དངོ་	NOUN
ལ་	ལ་	PART
སྦྱོར་	སྦྱོར་	VERB
དངོ་	དངོ་	NOUN
རྗེས་	རྗེས་	NOUN
གསུམ་	གསུམ་	NUM
ལ་	ལ་	ADP
ས་	གིས་	PART
དང་པོ་	དང་པོ་	ADJ
ལ་	ལ་	ADP
འང་	ཀྱང་	PART
དྲུག་	དྲུག་	NUM
ལས་ཐོག་	ལས་ཐོག་	NO_POS
མ་	མ་	NOUN
སྐྱབས་	སྐྱབས་	NOUN
སུ་	ལ་	PART
འགྲོ་བ་	འགྲོ་བ་	VERB
ནི་	ནི་	NO_POS
།		PUNCT
མདུན་	མདུན་	NOUN
གྱི་	གི་	PART
ནམ་མཁ་	ནམ་མཁའ་	NOUN
ར་	ལ་	PART
བླ་མ་	བླ་མ་	NOUN
རྡོ་རྗེ་	རྡོ་རྗེ་	NOUN
ཁྲག་འཐུང་	ཁྲག་འཐུང་	PROPN
ལ་	ལ་	PART
ཕྱོགས་	ཕྱོགས་	NOUN
བཅུ་	བཅུ་	NUM
དུས་བཞི་	དུས་བཞི་	NO_POS
སྐྱབས་ཡུལ་	སྐྱབས་ཡུལ་	NO_POS
མ་ཚང་བ་	མ་ཚང་བ་	NO_POS
མེད་པ་	མེད་པ་	VERB
ས་	གིས་	PART
བསྐོར་བ་	བསྐོར་བ་	VERB
བཛྲ་	བཛྲ་	NO_POS
ས་	ས་	ADP
མ་	མ་	PART
ཛཿ་		NON_WORD
ཧཱུྃ་		NON_WORD
༔		PUNCT
འཁོར་འདས་	འཁོར་འདས་	NOUN
རྡོ་རྗེ་	རྡོ་རྗེ་	NOUN
བདུད་རྩི་	བདུད་རྩི་	NOUN
ཆེ་	ཆེ་	VERB
༔		PUNCT
དབྱེ་	དབྱེ་	VERB
ར་	ལ་	PART
མེད་	མེད་	VERB
ཟུང་འཇུག་	ཟུང་འཇུག་	NOUN
ཧེ་རུ་ཀ་	ཧེ་རུ་ཀ་	NOUN
༔		PUNCT
བླ་མ་	བླ་མ་	NOUN
མཁའ་འགྲོ་	མཁའ་འགྲོ་	NOUN
འི་	གི་	PART
ཚོགས་	ཚོགས་	NOUN
བཅའ་	བཅའ་	VERB
ལ་	ལ་	PART
༔		PUNCT
སྒོ་གསུམ་	སྒོ་གསུམ་	OTHER
གུས་པ་	གུས་པ་	VERB
ས་	གིས་	PART
སྐྱབས་	སྐྱབས་	NOUN
སུ་	ལ་	PART
མཆི་	མཆི་	NO_POS
༔		PUNCT
ལན་	ལན་	NOUN
གསུམ་	གསུམ་	NUM
།		PUNCT
གཉིས་པ་	གཉིས་པ་	NUM
སེམས་བསྐྱེད་པ་	སེམས་བསྐྱེད་པ་	NOUN
ནི་	ནི་	NO_POS
།		PUNCT
མཐའ་	མཐའ་	NOUN
ཡ་		
འགྲོ་བ་	འགྲོ་བ་	VERB
ཐམས་ཅད་	ཐམས་ཅད་	DET
ལ་	ལ་	PART
༔		PUNCT
དམིགས་མེད་	དམིགས་མེད་	NO_POS
སྙིང་རྗེ་	སྙིང་རྗེ་	NOUN
ས་	གིས་	PART
ཀུན་	ཀུན་	DET
བསླངས་	བསླངས་	NO_POS
ཏེ་	སྟེ་	PART
༔		PUNCT
བདེ་ཆེན་	བདེ་ཆེན་	NOUN
ས་	ས་	ADP
ལ་	ལ་	PART
འགོད་པ་	འགོད་པ་	VERB
འི་	གི་	PART
ཕྱི་	ཕྱི་	OTHER
༔		PUNCT
ཁྲག་འཐུང་	ཁྲག་འཐུང་	PROPN
ཆེན་པོ་	ཆེན་པོ་	ADJ
འི་	གི་	PART
རྣལ་འབྱོར་	རྣལ་འབྱོར་	NOUN
བསྒོམ་	བསྒོམ་	VERB
༔		PUNCT
སྡིག་སྒྲིབ་	སྡིག་སྒྲིབ་	NOUN
ཉེས་ལྟུང་	ཉེས་ལྟུང་	NOUN
བཤགས་	བཤགས་	NO_POS
ཤིང་	ཅིང་	PART
བསྡམ་	བསྡམ་	NO_POS
༔		PUNCT
རྩ་བ་	རྩ་བ་	NOUN
ཡན་ལག་	ཡན་ལག་	NOUN
དམ་ཚིག་	དམ་ཚིག་	NOUN
བཟུང་	བཟུང་	NO_POS
༔		PUNCT
གསང་བ་	གསང་བ་	VERB
མཆོག་	མཆོག་	ADJ
གི་	གི་	PART
སྤྱོད་པ་	སྤྱོད་པ་	VERB
ཡི་	གིས་	PART
༔		PUNCT
རྡོ་རྗེ་	རྡོ་རྗེ་	NOUN
འི་	གི་	PART
ཡེ་ཤེས་	ཡེ་ཤེས་	NOUN
གྲུབ་	གྲུབ་	VERB
གྱུར་ཅིག་	གྱུར་ཅིག་	NO_POS
༔		PUNCT
ལན་	ལན་	NOUN
གསུམ་	གསུམ་	NUM
།		PUNCT
གསུམ་པ་	གསུམ་པ་	NUM
དཀ་	དཀའ་	VERB
ར་	ལ་	PART
བགེགས་	བགེགས་	NOUN
བསྔོ་བ་	བསྔོ་བ་	VERB
ནི་	ནི་	NO_POS
།		PUNCT
ཨོཾ་	ཨོཾ་	X
ཧྲཱིཿ་		NON_WORD
བཛྲ་	བཛྲ་	NO_POS
ཀྲོ་		NON_WORD
དྷ་		NON_WORD
ཧ་	ཧ་	NOUN
ཡ་	ཡ་	NOUN
གྲཱི་		NON_WORD
ཝ་	ཝ་	OTHER
ཧུ་	ཧུ་	NO_POS
ལུ་	ལུ་	NO_POS
ཧུ་	ཧུ་	NO_POS
ལུ་	ལུ་	NO_POS
ཧཱུྃ་		NON_WORD
ཕཊ྄ཿ་		NON_WORD
རང་ཉིད་	རང་ཉིད་	OTHER
སྐད་ཅིག་	སྐད་ཅིག་	OTHER
གིས་	གིས་	PART
རྟ་མཆོག་	རྟ་མཆོག་	NOUN
ཧེ་རུ་ཀ་	ཧེ་རུ་ཀ་	NOUN
ཁྲོ་གཏུམ་	ཁྲོ་གཏུམ་	NO_POS
བཟོད་པ་	བཟོད་པ་	VERB
ར་	ལ་	PART
དཀའ་བ་	དཀའ་བ་	VERB
འི་	གི་	PART
གཟི་བརྗིད་	གཟི་བརྗིད་	NOUN
བསྐལ་པ་	བསྐལ་པ་	NOUN
འི་	གི་	PART
མེ་	མེ་	NOUN
ལྟ་	ལྟ་	OTHER
འབར་བ་	འབར་བ་	VERB
ར་	ལ་	PART
གྱུར་པ་	གྱུར་པ་	VERB
ར་	ལ་	PART
བསམས་	བསམས་	VERB
ལ་	ལ་	PART
།		PUNCT
གཏོར་མ་	གཏོར་མ་	NOUN
རྟ་	རྟ་	NOUN
སྔགས་	སྔགས་	NOUN
ཀྱིས་	གིས་	PART
བསང་	བསང་	OTHER
།		PUNCT
སྭ་		NON_WORD
བྷཱ་		NON_WORD
ཝ་	ཝ་	OTHER
ས་	གིས་	PART
སྦྱང་	སྦྱང་	VERB
།		PUNCT
སྟོང་པ་	སྟོང་པ་	VERB
འི་	གི་	PART
ངང་	ངང་	NOUN
ལ་	ལ་	ADP
ས་	གིས་	PART
བྷྲཱུྃ་		NON_WORD
ལ་	ལ་	ADP
ས་	གིས་	PART
རིན་པོ་ཆེ་	རིན་པོ་ཆེ་	ADJ
འི་	གི་	PART
སྣོད་	སྣོད་	NOUN
ཡངས་	ཡངས་	VERB
ཤིང་	ཅིང་	PART
རྒྱ་ཆེ་བ་	རྒྱ་ཆེ་བ་	NO_POS
འི་	གི་	PART
ནང་	ནང་	NOUN
དུ་	ལ་	PART
གཏོར་མ་	གཏོར་མ་	NOUN
ཁ་དོག་	ཁ་དོག་	NOUN
དྲི་རོ་	དྲི་རོ་	NOUN
ནུས་པ་	ནུས་པ་	VERB
ཕུན་སུམ་	ཕུན་སུམ་	OTHER
ཚོགས་པ་	ཚོགས་པ་	VERB
ར་	ལ་	PART
གྱུར་	གྱུར་	VERB
།		PUNCT
ཨོཾ་	ཨོཾ་	X
ཨཱཿ་		NON_WORD
ཧཱུྃ་		NON_WORD
ཧོཿ་		NON_WORD
ས་	ས་	ADP
བརླབ་	བརླབ་	NO_POS
།		PUNCT
བྷཱུ་		NON_WORD
མི་པ་	མི་པ་	PART
ཏི་ས་པ་	ཏི་ས་པ་	NO_POS
རི་	རི་	NOUN
ཝ་	ཝ་	OTHER
ར་	ར་	ADP
བཛྲ་	བཛྲ་	NO_POS
ས་	ས་	ADP
མཱ་	མཱ་	NO_POS
ཛཿ་		NON_WORD
ས་	ས་	ADP
སྤྱན་	སྤྱན་	NOUN
དྲང་	དྲང་	VERB
།		PUNCT
བྷཱུ་		NON_WORD
མི་པ་	མི་པ་	PART
ཏི་ས་པ་	ཏི་ས་པ་	NO_POS
རི་	རི་	NOUN
ཝཱ་	ཝཱ་	NO_POS
ར་	ར་	ADP
ཨ་	ཨ་	X
ཀ་	ཀ་	DET
རོ་	རོ་	NOUN
མུ་	མུ་	NOUN
ཁཾ་		NON_WORD
སོགས་	སོགས་	DET
ལན་	ལན་	NOUN
གསུམ་	གསུམ་	NUM
གྱིས་	གིས་	PART
བསྔོ་	བསྔོ་	VERB
།		PUNCT
གང་དག་	གང་དག་	NO_POS
འདི་	འདི་	DET
ར་	ལ་	PART
གནས་	གནས་	NOUN
ལྷ་	ལྷ་	NOUN
དང་	དང་	NO_POS
ཀླུ་	ཀླུ་	NOUN
། །		PUNCT
གནོད་སྦྱིན་	གནོད་སྦྱིན་	NOUN
སྲིན་པོ་	སྲིན་པོ་	NOUN
འམ་	གམ་	PART
གཞན་དག་	གཞན་དག་	NO_POS
ལ་	ལ་	PART
། །		PUNCT
དཀྱིལ་འཁོར་	དཀྱིལ་འཁོར་	NOUN
དོན་	དོན་	NOUN
དུ་	ལ་	PART
ས་ཕྱོགས་	ས་ཕྱོགས་	NOUN
འདི་	འདི་	DET
། །		PUNCT
བདག་	བདག་	PRON
ཞུ་	ཞུ་	VERB
ཁྱེད་	ཁྱེད་	PRON
ཀྱིས་	གིས་	PART
སྩལ་	སྩལ་	VERB
དུ་	ལ་	PART
གསོལ་	གསོལ་	VERB
།		PUNCT
ཞེ་	ཅེས་	PART
ལན་	ལན་	NOUN
གསུམ་	གསུམ་	NUM
།		PUNCT
བྷཱུ་		NON_WORD
མི་པ་	མི་པ་	PART
ཏི་ས་པ་	ཏི་ས་པ་	NO_POS
རི་	རི་	NOUN
ཝཱ་	ཝཱ་	NO_POS
ར་	ར་	ADP
གཙྪཿ་		NON_WORD
ས་རང་	ས་རང་	NO_POS
གནས་	གནས་	NOUN
སུ་	ལ་	PART
གཤེགས་པ་	གཤེགས་པ་	VERB
ར་	ལ་	PART
བསམས་	བསམས་	VERB
ལ་	ལ་	PART
།		PUNCT
གཏོར་མ་	གཏོར་མ་	NOUN
གཙང་	གཙང་	PROPN
ས་	ས་	ADP
ར་	ལ་	PART
བསྐྱལ་	བསྐྱལ་	NO_POS
།		PUNCT
རྃ་		NON_WORD
ཡྃ་		NON_WORD
ཁྃ་		NON_WORD
གིས་	གིས་	PART
བསང་	བསང་	OTHER
།		PUNCT
ཨོཾ་	ཨོཾ་	X
ཨཱཿ་		NON_WORD
ཧཱུྃ་		NON_WORD
ཧོཿ་		NON_WORD
ལན་	ལན་	NOUN
གསུམ་	གསུམ་	NUM
གྱིས་	གིས་	PART
བརླབ་	བརླབ་	NO_POS
།		PUNCT
ཨོཾ་	ཨོཾ་	X
སརྦ་	སརྦ་	NO_POS
བྷཱུ་		NON_WORD
ཏ་	ཏ་	OTHER
ཨ་	ཨ་	X
ཀརྵ་		NON_WORD
ཡ་	ཡ་	NOUN
ཛཿ་		NON_WORD
ས་	ས་	ADP
མགྲོན་	མགྲོན་	NOUN
དགུག་	དགུག་	VERB
ཨོཾ་	ཨོཾ་	X
སརྦ་	སརྦ་	NO_POS
བིགྷྣཱ་		NON_WORD
ན་	ལ་	PART
མཿ་		NON_WORD
སོགས་	སོགས་	DET
ལན་	ལན་	NOUN
གསུམ་	གསུམ་	NUM
གྱིས་	གིས་	PART
བསྔོ་	བསྔོ་	VERB
ལ་	ལ་	PART
།		PUNCT
ཧཱུྃ་		NON_WORD
༔		PUNCT
ང་	ང་	PRON
ནི་	ནི་	NO_POS
དཔལ་ལྡན་	དཔལ་ལྡན་	ADJ
རྡོ་རྗེ་	རྡོ་རྗེ་	NOUN
འཆང་	འཆང་	NO_POS
༔		PUNCT
བཀའ་	བཀའ་	NOUN
ཡི་	གི་	PART
འཁོར་ལོ་	འཁོར་ལོ་	NOUN
སྦྱོར་བ་	སྦྱོར་བ་	VERB
ཡི་	གིས་	PART
༔		PUNCT
དངོས་པོ་	དངོས་པོ་	NOUN
ཐམས་ཅད་	ཐམས་ཅད་	DET
འཇིག་	འཇིག་	VERB
འགྱུར་	འགྱུར་	VERB
ན་	ལ་	PART
༔		PUNCT
བར་ཆད་	བར་ཆད་	NOUN
བགེགས་	བགེགས་	NOUN
ལ་	ལ་	PART
སྨོས་ཅི་	སྨོས་ཅི་	NO_POS
དགོས་	དགོས་	VERB
༔		PUNCT
ཉོན་	ཉོན་	VERB
ཅིག་	ཅིག་	PART
ལོག་འདྲེན་	ལོག་འདྲེན་	NOUN
འབྱུང་པོ་	འབྱུང་པོ་	NOUN
འི་	གི་	PART
ཚོགས་	ཚོགས་	NOUN
༔		PUNCT
རྡོ་རྗེ་	རྡོ་རྗེ་	NOUN
བདུད་རྩི་	བདུད་རྩི་	NOUN
འི་	གི་	PART
བཀའ་	བཀའ་	NOUN
ཐོ་	ཐོ་	VERB
ན་	ནས་	PART
༔		PUNCT
རྒྱ་མཚོ་	རྒྱ་མཚོ་	NOUN
འི་	གི་	PART
ཕ་མཐ་	ཕ་མཐའ་	NO_POS
ར་	ལ་	PART
མྱུར་	མྱུར་	VERB
དུ་	ལ་	PART
དེངས་	དེངས་	NO_POS
༔		PUNCT
འདའ་	འདའ་	VERB
ན་	ལ་	PART
བརླག་པ་	བརླག་པ་	VERB
ར་	ལ་	PART
གདོན་	གདོན་	NOUN
མི་	མི་	PART
ཟ་	ཟ་	VERB
༔		PUNCT
ཨོཾ་	ཨོཾ་	X
བཛྲ་	བཛྲ་	NO_POS
ཀྲོ་		NON_WORD
དྷ་		NON_WORD
ཨ་	ཨ་	X
མྲྀ་		NON_WORD
ཏ་	ཏ་	OTHER
ཧཱུྃ་		NON_WORD
ཧཱུྃ་		NON_WORD
ཕཊ་		NON_WORD
༔		PUNCT
བཞི་པ་	བཞི་པ་	ADJ
མཚམས་	མཚམས་	NOUN
བཅད་པ་	བཅད་པ་	VERB
ནི་	ནི་	NO_POS
།		PUNCT
ཧཱུྃ་		NON_WORD
༔		PUNCT
འདི་ལྟར་	འདི་ལྟར་	NO_POS
སྣང་	སྣང་	VERB
ཞིང་	ཅིང་	PART
འབྱུང་བ་	འབྱུང་བ་	VERB
ཀུན་	ཀུན་	DET
༔		PUNCT
ཧེ་རུ་ཀ་	ཧེ་རུ་ཀ་	NOUN
ཡི་	གི་	PART
གསང་བ་	གསང་བ་	VERB
གསུམ་	གསུམ་	NUM
༔		PUNCT
མི་	མི་	PART
ཕྱེད་	ཕྱེད་	NUM
རྡོ་རྗེ་	རྡོ་རྗེ་	NOUN
འི་	གི་	PART
དམ་ཚིག་	དམ་ཚིག་	NOUN
གིས་	གིས་	PART
༔		PUNCT
གཟུང་འཛིན་	གཟུང་འཛིན་	NOUN
འབྱུང་པོ་	འབྱུང་པོ་	NOUN
མཚམས་	མཚམས་	NOUN
བཅད་	བཅད་	VERB
དོ་	གོ་	PART
༔		PUNCT
ཨོཾ་	ཨོཾ་	X
ཨཱཿ་		NON_WORD
ཧཱུྃ་		NON_WORD
བཛྲ་	བཛྲ་	NO_POS
རཀྵ་		NON_WORD
རཀྵ་		NON_WORD
ཧཱུྃ་		NON_WORD
ཧཱུྃ་		NON_WORD
ཕཊ་		NON_WORD
༔		PUNCT
ལྔ་པ་	ལྔ་པ་	NUM
བྱིན་	བྱིན་	VERB
དབབ་པ་	དབབ་པ་	VERB
ནི་	ནི་	NO_POS
།		PUNCT
སྤོ་	སྤོ་	NOUN
རོལ་	རོལ་	VERB
དབྱངས་	དབྱངས་	NOUN
དང་	དང་	NO_POS
བཅས་པ་	བཅས་པ་	VERB
ས་	གིས་	PART
།		PUNCT
ཧཱུྃ་		NON_WORD
༔		PUNCT
རིན་ཆེན་	རིན་ཆེན་	OTHER
ཉི་མ་	ཉི་མ་	NOUN
རྟག་པ་	རྟག་པ་	VERB
འི་	གི་	PART
དབྱིངས་	དབྱིངས་	NOUN
༔		PUNCT
རྒྱུན་	རྒྱུན་	NOUN
དང་	དང་	NO_POS
ཤུགས་	ཤུགས་	NOUN
ཀྱི་	གི་	PART
ཐུགས་རྗེ་	ཐུགས་རྗེ་	NOUN
ར་	ལ་	PART
སྣང་	སྣང་	VERB
༔		PUNCT
བསྐུལ་	བསྐུལ་	VERB
ཞིང་	ཅིང་	PART
གསོལ་བ་	གསོལ་བ་	VERB
བཏབ་པ་	བཏབ་པ་	VERB
ཡི་	གིས་	PART
༔		PUNCT
ཡེ་ཤེས་	ཡེ་ཤེས་	NOUN
སྒྱུ་འཕྲུལ་	སྒྱུ་འཕྲུལ་	PROPN
ཅིར་	ཅིར་	NO_POS
ཡང་	ཀྱང་	PART
སྟོན་	སྟོན་	VERB
༔		PUNCT
དམ་ཚིག་	དམ་ཚིག་	NOUN
ཆེན་པོ་	ཆེན་པོ་	ADJ
འི་	གི་	PART
དུས་	དུས་	NOUN
ལགས་	ལགས་	AUX
ན་	ལ་	PART
༔		PUNCT
སྐུ་གསུང་ཐུགས་	སྐུ་གསུང་ཐུགས་	NOUN
ཀྱི་	གི་	PART
བྱིན་	བྱིན་	VERB
ཆེན་	ཆེན་	NO_POS
ཕོབ་	ཕོབ་	VERB
༔		PUNCT
བདེ་ཆེན་	བདེ་ཆེན་	NOUN
བདུད་རྩི་	བདུད་རྩི་	NOUN
འི་	གི་	PART
དབང་མཆོག་	དབང་མཆོག་	NO_POS
སྐུ་	སྐུ་	NOUN
༔		PUNCT
རྣལ་འབྱོར་	རྣལ་འབྱོར་	NOUN
མཐུ་	མཐུ་	NOUN
དང་	དང་	NO_POS
ལྡན་པ་	ལྡན་པ་	VERB
ཡི་	གིས་	PART
༔		PUNCT
དངོས་གྲུབ་	དངོས་གྲུབ་	NOUN
མ་	མ་	PART
ལུས་	ལུས་	NOUN
སྩལ་	སྩལ་	VERB
དུ་	ལ་	PART
གསོལ་	གསོལ་	VERB
༔		PUNCT
ཨོཾ་	ཨོཾ་	X
ཨཱཿ་		NON_WORD
ཧཱུྃ་		NON_WORD
བཛྲ་	བཛྲ་	NO_POS
ཨ་	ཨ་	X
མྲྀ་		NON_WORD
ཏ་	ཏ་	OTHER
མ་	མ་	PART
ཧཱ་		NON_WORD
སུ་	ལ་	PART
ཁ་	ཁ་	PRON
སིདྡྷི་		NON_WORD
ཧཱུྃ་		NON_WORD
༔		PUNCT
ཨེ་	ཨེ་	PART
ཨཱ་	ཨཱ་	NO_POS
རལླི་		NON_WORD
ཛྙཱ་ན་	ཛྙཱ་ན་	PROPN
ཨཱ་	ཨཱ་	NO_POS
ཝེ་		NON_WORD
ཤ་	ཤ་	NOUN
ཡ་	ཡ་	NOUN
ཨ་	ཨ་	X
ཨཱཿ་		NON_WORD
དྲུག་པ་	དྲུག་པ་	NUM
མཆོད་པ་	མཆོད་པ་	VERB
བྱིན་	བྱིན་	VERB
བརླབ་	བརླབ་	NO_POS
ནི་	ནི་	NO_POS
།		PUNCT
ཧཱུྃ་		NON_WORD
༔		PUNCT
གནས་ཡུལ་	གནས་ཡུལ་	NO_POS
དུར་ཁྲོད་	དུར་ཁྲོད་	NOUN
རོལ་པ་	རོལ་པ་	VERB
འི་	གི་	PART
ཞིང་	ཅིང་	PART
༔		PUNCT
མཆོད་རྫས་	མཆོད་རྫས་	NOUN
བསོད་ནམས་	བསོད་ནམས་	NOUN
ཡེ་ཤེས་	ཡེ་ཤེས་	NOUN
རྒྱ་	རྒྱ་	NOUN
༔		PUNCT
བདེ་བ་	བདེ་བ་	VERB
ཆེན་པོ་	ཆེན་པོ་	ADJ
འི་	གི་	PART
རྣམ་པ་	རྣམ་པ་	NOUN
ར་	ལ་	PART
རོལ་	རོལ་	VERB
༔		PUNCT
འགྲིབ་	འགྲིབ་	VERB
མེད་	མེད་	VERB
རྟག་པ་	རྟག་པ་	VERB
འི་	གི་	PART
རྒྱན་	རྒྱན་	NOUN
དུ་	ལ་	PART
ཤ་	ཤ་	VERB
༔		PUNCT
ཨོཾ་	ཨོཾ་	X
ཤྲཱི་		NON_WORD
ཧེ་རུ་ཀ་	ཧེ་རུ་ཀ་	NOUN
བཛྲ་	བཛྲ་	NO_POS
ཨ་	ཨ་	X
མྲྀ་		NON_WORD
ཏ་	ཏ་	OTHER
མ་	མ་	PART
ཧཱ་		NON_WORD
སུ་	ལ་	PART
ཁ་	ཁ་	PRON
སརྦ་	སརྦ་	NO_POS
པཱུ་		NON_WORD
ཛ་	ཛ་	OTHER
ས་	ས་	ADP
མ་	མ་	PART
ཡེ་	ཡེ་	ADV
ཨཱཿ་		NON_WORD
ཧཱུྃ་		NON_WORD
༔		PUNCT
གཉིས་པ་	གཉིས་པ་	NUM
དངོས་གཞི་	དངོས་གཞི་	NOUN
ལ་	ལ་	ADP
འང་	ཀྱང་	PART
བརྒྱད་	བརྒྱད་	NUM
ལ་	ལ་	ADP
ས་	གིས་	PART
།		PUNCT
དང་པོ་	དང་པོ་	ADJ
དམ་ཚིག་	དམ་ཚིག་	NOUN
གི་	གི་	PART
དཀྱིལ་འཁོར་	དཀྱིལ་འཁོར་	NOUN
བསྐྱེད་པ་	བསྐྱེད་པ་	VERB
ནི་	ནི་	NO_POS
།		PUNCT
ཧཱུྃ་		NON_WORD
༔		PUNCT
རྡོ་རྗེ་	རྡོ་རྗེ་	NOUN
དེ་བཞིན་ཉིད་	དེ་བཞིན་ཉིད་	NOUN
ཀྱི་	གི་	PART
དབྱིངས་	དབྱིངས་	NOUN
༔		PUNCT
བདུད་རྩི་	བདུད་རྩི་	NOUN
བདེ་ཆེན་	བདེ་ཆེན་	NOUN
སྙིང་རྗེ་	སྙིང་རྗེ་	NOUN
འི་	གི་	PART
སྤྲིན་	སྤྲིན་	NOUN
༔		PUNCT
ཟུང་འཇུག་	ཟུང་འཇུག་	NOUN
རང་	རང་	PRON
རྩལ་	རྩལ་	NOUN
ཡི་གེ་	ཡི་གེ་	NOUN
ཧཱུྃ་		NON_WORD
༔		PUNCT
ཡེ་ཤེས་	ཡེ་ཤེས་	NOUN
འབར་བ་	འབར་བ་	VERB
འི་	གི་	PART
ཆོ་འཕྲུལ་	ཆོ་འཕྲུལ་	NOUN
གྱིས་	གིས་	PART
༔		PUNCT
གཟུང་འཛིན་	གཟུང་འཛིན་	NOUN
ཆོ་	ཆོ་	NOUN
ཀུན་	ཀུན་	DET
སྟོང་པ་	སྟོང་པ་	VERB
ར་	ལ་	PART
སྦྱངས་	སྦྱངས་	VERB
༔		PUNCT
སྟོང་པ་	སྟོང་པ་	VERB
འི་	གི་	PART
ངང་	ངང་	NOUN
ལ་	ལ་	ADP
ས་	གིས་	PART
འབྱུང་	འབྱུང་	VERB
རིམ་	རིམ་	NOUN
སྟེང་	སྟེང་	NOUN
༔		PUNCT
རིན་ཆེན་	རིན་ཆེན་	OTHER
དུར་ཁྲོད་	དུར་ཁྲོད་	NOUN
གཞལ་ཡས་	གཞལ་ཡས་	ADJ
དབུ་	དབུ་	NOUN
༔		PUNCT
སྣ་ཚོགས་	སྣ་ཚོགས་	DET
པད་	པད་	NO_POS
ཟླ་	ཟླ་	NOUN
འི་	གི་	PART
གདན་	གདན་	NOUN
གྱི་	གི་	PART
སྟེང་	སྟེང་	NOUN
༔		PUNCT
ཧཱུྃ་		NON_WORD
ཡིག་	ཡིག་	NOUN
ཡོངས་	ཡོངས་	DET
གྱུར་	གྱུར་	VERB
སྐད་ཅིག་	སྐད་ཅིག་	OTHER
གིས་	གིས་	PART
༔		PUNCT
རིན་ཆེན་	རིན་ཆེན་	OTHER
ཉི་མ་	ཉི་མ་	NOUN
དེ་བཞིན་	དེ་བཞིན་	OTHER
གཤེགས་	གཤེགས་	VERB
༔		PUNCT
རྡོ་རྗེ་	རྡོ་རྗེ་	NOUN
བདུད་རྩི་	བདུད་རྩི་	NOUN
སྐུ་མདོག་	སྐུ་མདོག་	NOUN
ལྗང་	ལྗང་	NO_POS
༔		PUNCT
བཙོ་མ་	བཙོ་མ་	ADJ
གསེར་	གསེར་	NOUN
གྱི་	གི་	PART
མདངས་	མདངས་	NOUN
འོད་	འོད་	NOUN
འཚེར་	འཚེར་	VERB
༔		PUNCT
ཞལ་	ཞལ་	NOUN
གསུམ་	གསུམ་	NUM
ཕྱག་	ཕྱག་	NOUN
དྲུག་	དྲུག་	NUM
ཞི་བ་	ཞི་བ་	VERB
འི་	གི་	PART
ཚུལ་	ཚུལ་	NOUN
༔		PUNCT
ཁྲོ་	ཁྲོ་	VERB
ཆགས་	ཆགས་	VERB
སྒེག་ལྡན་	སྒེག་ལྡན་	NO_POS
སྤྱན་	སྤྱན་	NOUN
གསུམ་	གསུམ་	NUM
གཡོ་	གཡོ་	VERB
༔		PUNCT
གཡའ་	གཡའ་	NOUN
དཀ་	དཀའ་	VERB
ར་	ལ་	PART
གཡོན་	གཡོན་	NOUN
དམར་	དམར་	VERB
འཛུམ་	འཛུམ་	NO_POS
འོད་འཕྲོ་	འོད་འཕྲོ་	NO_POS
༔		PUNCT
རྩ་	རྩ་	NUM
ཕྱག་	ཕྱག་	NOUN
རྡོ་རྗེ་	རྡོ་རྗེ་	NOUN
དྲིལ་བུ་	དྲིལ་བུ་	NOUN
འཛིན་	འཛིན་	VERB
༔		PUNCT
རང་	རང་	PRON
འདྲ་	འདྲ་	VERB
འི་	གི་	PART
ཡུམ་	ཡུམ་	NOUN
འཁྱུད་	འཁྱུད་	NO_POS
མཉམ་པ་	མཉམ་པ་	VERB
ར་	ལ་	PART
སྦྱོར་	སྦྱོར་	VERB
༔		PUNCT
ལྷག་མ་	ལྷག་མ་	NOUN
འཁོར་ལོ་	འཁོར་ལོ་	NOUN
རལ་གྲི་	རལ་གྲི་	NOUN
གཡའ་	གཡའ་	NOUN
༔		PUNCT
ཞགས་པ་	ཞགས་པ་	NOUN
ལྕགས་ཀྱུ་	ལྕགས་ཀྱུ་	NOUN
གཡོན་	གཡོན་	NOUN
ན་	ལ་	PART
བསྣམས་	བསྣམས་	NO_POS
༔		PUNCT
ད་	ད་	NOUN
དང་	དང་	NO_POS
རིན་ཆེན་	རིན་ཆེན་	OTHER
རུས་པ་	རུས་པ་	NOUN
ས་	གིས་	PART
བརྒྱན་	བརྒྱན་	VERB
༔		PUNCT
སྐྱིལ་ཀྲུང་	སྐྱིལ་ཀྲུང་	NOUN
ཕྱེད་པ་	ཕྱེད་པ་	VERB
འི་	གི་	PART
རོལ་པ་	རོལ་པ་	VERB
ཡི་	གིས་	PART
༔		PUNCT
འོད་ཟེར་	འོད་ཟེར་	NOUN
འབའ་	འབའ་	VERB
འཕྲོ་	འཕྲོ་	NOUN
འི་	གི་	PART
ཀློང་	ཀློང་	NOUN
ན་	ལ་	PART
བཞུགས་	བཞུགས་	VERB
༔		PUNCT
ཕྱི་རོལ་	ཕྱི་རོལ་	NOUN
པདྨ་	པདྨ་	NOUN
འདབ་	འདབ་	OTHER
བརྒྱད་	བརྒྱད་	NUM
ལ་	ལ་	PART
༔		PUNCT
ཤ་	ཤ་	VERB
དུ་	ལ་	PART
དཀར་མོ་	དཀར་མོ་	ADJ
ཞི་བ་	ཞི་བ་	VERB
མ་	མ་	PART
༔		PUNCT
ལྷོ་	ལྷོ་	NOUN
རུ་	ལ་	PART
སེར་མོ་	སེར་མོ་	ADJ
ཞི་	ཞི་	VERB
གདོང་	གདོང་	NOUN
མ་	མ་	PART
༔		PUNCT
ནུབ་	ནུབ་	ADV
ཏུ་	ལ་	PART
དམར་མོ་	དམར་མོ་	ADJ
ཟླ་	ཟླ་	NOUN
ཅན་	ཅན་	PART
མ་	མ་	PART
༔		PUNCT
བྱང་	བྱང་	NOUN
དུ་	ལ་	PART
ལྗང་	ལྗང་	NO_POS
མོ་	གོ་	PART
རི་བོང་	རི་བོང་	NOUN
ཅན་	ཅན་	PART
༔		PUNCT
ཤར་ལྷོ་	ཤར་ལྷོ་	NOUN
ར་	ལ་	PART
སྔོན་མོ་	སྔོན་མོ་	OTHER
ཟླ་	ཟླ་	NOUN
དཀྱིལ་མ་	དཀྱིལ་མ་	NO_POS
༔		PUNCT
ལྷོ་ནུབ་	ལྷོ་ནུབ་	NO_POS
ལྗང་	ལྗང་	NO_POS
གསལ་	གསལ་	VERB
ཟླ་མཛེས་	ཟླ་མཛེས་	PROPN
མ་	མ་	PART
༔		PUNCT
ནུབ་བྱང་	ནུབ་བྱང་	OTHER
སྔོ་བསངས་	སྔོ་བསངས་	NO_POS
ཡིད་འོང་	ཡིད་འོང་	ADJ
མ་	མ་	PART
༔		PUNCT
བྱང་ཤར་	བྱང་ཤར་	OTHER
སྔོན་མོ་	སྔོན་མོ་	OTHER
སིམ་བྱེད་	སིམ་བྱེད་	NO_POS
མ་	མ་	PART
༔		PUNCT
ཀུན་	ཀུན་	DET
ཀྱང་	ཀྱང་	PART
རྡོ་རྗེ་	རྡོ་རྗེ་	NOUN
དྲིལ་བུ་	དྲིལ་བུ་	NOUN
བསྣམས་	བསྣམས་	NO_POS
༔		PUNCT
བུད་མེད་	བུད་མེད་	NOUN
སྒྱུ་མ་	སྒྱུ་མ་	NOUN
འི་	གི་	PART
སྒེག་	སྒེག་	VERB
འཆང་	འཆང་	NO_POS
ཞིང་	ཅིང་	PART
༔		PUNCT
ད་	ད་	NOUN
དང་	དང་	NO_POS
རིན་ཆེན་	རིན་ཆེན་	OTHER
རྒྱན་	རྒྱན་	NOUN
གྱིས་	གིས་	PART
མཛེ་	མཛེ་	VERB
༔		PUNCT
རང་	རང་	PRON
འོད་	འོད་	NOUN
ཀློང་	ཀློང་	NOUN
ན་	ལ་	PART
ཕྱེད་སྐྱིལ་	ཕྱེད་སྐྱིལ་	NO_POS
རོལ་	རོལ་	VERB
༔		PUNCT
སྒོ་	སྒོ་	NOUN
བཞི་	བཞི་	NUM
ར་	ལ་	PART
དཀར་སེར་	དཀར་སེར་	NO_POS
དམར་ལྗང་	དམར་ལྗང་	NO_POS
གི་	གི་	PART
༔		PUNCT
ལྷ་མོ་	ལྷ་མོ་	NOUN
ཕྱག་རྒྱ་	ཕྱག་རྒྱ་	NOUN
བཞི་	བཞི་	NUM
འཛིན་པ་	འཛིན་པ་	VERB
༔		PUNCT
གཡོན་པ་	གཡོན་པ་	ADJ
ས་	གིས་	PART
དྲིལ་	དྲིལ་	VERB
འཁྲོལ་	འཁྲོལ་	NO_POS
ཁྲོ་	ཁྲོ་	VERB
འཛུམ་	འཛུམ་	NO_POS
ཉམས་	ཉམས་	NOUN
༔		PUNCT
རིན་ཆེན་	རིན་ཆེན་	OTHER
དར་དཔྱངས་	དར་དཔྱངས་	NOUN
རྒྱན་	རྒྱན་	NOUN
དང་	དང་	NO_POS
ལྡན་	ལྡན་	VERB
༔		PUNCT
པད་	པད་	NO_POS
ཟླ་	ཟླ་	NOUN
འི་	གི་	PART
སྟེང་	སྟེང་	NOUN
ན་	ལ་	PART
གར་ཐབས་	གར་ཐབས་	NO_POS
བཞེངས་	བཞེངས་	NO_POS
༔		PUNCT
བར་མཚམས་	བར་མཚམས་	NOUN
ཕྱི་	ཕྱི་	NOUN
ནང་མཆོད་	ནང་མཆོད་	NOUN
སྤྲིན་ཚོགས་	སྤྲིན་ཚོགས་	OTHER
༔		PUNCT
བདེ་ཆེན་	བདེ་ཆེན་	NOUN
ཆ་	ཆ་	NOUN
ར་	ལ་	PART
འབེབས་	འབེབས་	VERB
ལྷ་མོ་	ལྷ་མོ་	NOUN
ས་	གིས་	PART
གང་	གང་	NO_POS
༔		PUNCT
གཙོ་བོ་	གཙོ་བོ་	ADJ
འི་	གི་	PART
ཐུགས་ཀ་	ཐུགས་ཀ་	NOUN
ར་	ལ་	PART
པད་	པད་	NO_POS
ཉི་	ཉི་	NUM
འི་	གི་	PART
སྟེང་	སྟེང་	NOUN
༔		PUNCT
རྡོ་རྗེ་	རྡོ་རྗེ་	NOUN
བདུད་རྩི་	བདུད་རྩི་	NOUN
ཧེ་རུ་ཀ་	ཧེ་རུ་ཀ་	NOUN
༔		PUNCT
མཐིང་ནག་	མཐིང་ནག་	NO_POS
ཁྲོ་	ཁྲོ་	VERB
ཚུལ་	ཚུལ་	NOUN
འཇིགས་པ་	འཇིགས་པ་	VERB
འི་	གི་	PART
ཉམས་	ཉམས་	NOUN
༔		PUNCT
རྡོ་རྗེ་	རྡོ་རྗེ་	NOUN
གདེངས་	གདེངས་	NOUN
ཤིང་ཁ་	ཤིང་ཁ་	NOUN
ཊྭཱཾ་		NON_WORD
གསོར་	གསོར་	NO_POS
༔		PUNCT
སྦྲུལ་	སྦྲུལ་	NOUN
དང་	དང་	NO_POS
སྟག་ཤམ་	སྟག་ཤམ་	NO_POS
རུས་པ་	རུས་པ་	NOUN
ས་	གིས་	PART
བརྒྱན་	བརྒྱན་	VERB
༔		PUNCT
རང་	རང་	PRON
འོད་	འོད་	NOUN
ཡུམ་	ཡུམ་	NOUN
འཁྱུད་	འཁྱུད་	NO_POS
མེ་	མེ་	NOUN
ཕུང་	ཕུང་	VERB
དབུ་	དབུ་	NOUN
༔		PUNCT
ག་	ག་	NOUN
དགུ་	དགུ་	NUM
འི་	གི་	PART
རོལ་པ་	རོལ་པ་	VERB
ས་	གིས་	PART
རྣམ་པ་	རྣམ་པ་	NOUN
ར་	ལ་	PART
འགྱིང་	འགྱིང་	NO_POS
༔		PUNCT
གཙོ་འཁོར་	གཙོ་འཁོར་	OTHER
ཀུན་	ཀུན་	DET
གྱི་	གི་	PART
གནས་	གནས་	NOUN
གསུམ་	གསུམ་	NUM
དུ་	ལ་	PART
༔		PUNCT
ཨོཾ་	ཨོཾ་	X
ཨཱཿ་		NON_WORD
ཧཱུྃ་		NON_WORD
གིས་	གིས་	PART
རྒྱས་བཏབ་པ་	རྒྱས་བཏབ་པ་	NO_POS
ས་	གིས་	PART
༔		PUNCT
སངས་རྒྱས་	སངས་རྒྱས་	NOUN
ཀུན་	ཀུན་	DET
གྱི་	གི་	PART
གསང་	གསང་	VERB
གསུམ་	གསུམ་	NUM
དང་	དང་	NO_POS
༔		PUNCT
དབྱེ་	དབྱེ་	VERB
ར་	ལ་	PART
མེད་	མེད་	VERB
བདེ་ཆེན་	བདེ་ཆེན་	NOUN
འོད་ཟེར་	འོད་ཟེར་	NOUN
གྱིས་	གིས་	PART
༔		PUNCT
ཡེ་ཤེས་	ཡེ་ཤེས་	NOUN
དགྱེས་པ་	དགྱེས་པ་	VERB
ཆེན་པོ་	ཆེན་པོ་	ADJ
འི་	གི་	PART
ལྷ་	ལྷ་	NOUN
༔		PUNCT
ནམ་མཁའ་	ནམ་མཁའ་	NOUN
གང་བ་	གང་བ་	VERB
ར་	ལ་	PART
སྤྱན་	སྤྱན་	NOUN
དྲངས་	དྲངས་	NO_POS
གྱུར་	གྱུར་	VERB
།		PUNCT
གཉིས་པ་	གཉིས་པ་	NUM
ཡེ་ཤེས་	ཡེ་ཤེས་	NOUN
ཀྱི་	གི་	PART
དཀྱིལ་འཁོར་	དཀྱིལ་འཁོར་	NOUN
སྤྱན་	སྤྱན་	NOUN
དྲང་བ་	དྲང་བ་	VERB
ནི་	ནི་	NO_POS
།		PUNCT
ཧཱུྃ་		NON_WORD
༔		PUNCT
རྡོ་རྗེ་	རྡོ་རྗེ་	NOUN
ཉི་མ་	ཉི་མ་	NOUN
ལ་	ལ་	ADP
ས་	གིས་	PART
བྱུང་བ་	བྱུང་བ་	VERB
༔		PUNCT
བདེ་ཆེན་	བདེ་ཆེན་	NOUN
བདུད་རྩི་	བདུད་རྩི་	NOUN
ས་	གིས་	PART
དགྱེས་པ་	དགྱེས་པ་	VERB
ཅན་	ཅན་	PART
༔		PUNCT
ཧེ་རུ་ཀ་	ཧེ་རུ་ཀ་	NOUN
དང་	དང་	NO_POS
བཙུན་མོ་	བཙུན་མོ་	NOUN
ར་	ལ་	PART
བཅའ་	བཅའ་	VERB
༔		PUNCT
ཐུགས་རྗེ་	ཐུགས་རྗེ་	NOUN
འི་	གི་	PART
དབང་	དབང་	NOUN
གིས་	གིས་	PART
གནས་	གནས་	NOUN
འདི་	འདི་	DET
ར་	ལ་	PART
གཤེགས་	གཤེགས་	VERB
༔		PUNCT
ཨོཾ་	ཨོཾ་	X
ཤྲཱི་		NON_WORD
བཛྲ་	བཛྲ་	NO_POS
ཨ་	ཨ་	X
མྲྀ་		NON_WORD
ཏ་	ཏ་	OTHER
མ་	མ་	PART
ཧཱ་		NON_WORD
སུ་	ལ་	PART
ཁ་	ཁ་	PRON
ཧེ་རུ་ཀ་	ཧེ་རུ་ཀ་	NOUN
མཎྜ་		NON_WORD
ལ་	ལ་	PART
ས་པ་	ས་པ་	NOUN
རི་	རི་	NOUN
ཝཱ་	ཝཱ་	NO_POS
ར་	ར་	ADP
ཨེ་	ཨེ་	PART
ཧྱེ་		NON_WORD
ཧི་	ཧི་	NO_POS
༔		PUNCT
ས་	ས་	ADP
མ་	མ་	PART
ཡ་	ཡ་	NOUN
ཧོ་	ཧོ་	NO_POS
༔		PUNCT
ས་	ས་	ADP
མ་	མ་	PART
ཡ་	ཡ་	NOUN
སྟྭཾ་		NON_WORD
༔		PUNCT
གསུམ་པ་	གསུམ་པ་	NUM
བཞུགས་	བཞུགས་	VERB
སུ་	ལ་	PART
གསོལ་བ་	གསོལ་བ་	VERB
ནི་	ནི་	NO_POS
།		PUNCT
ཧཱུྃ་		NON_WORD
༔		PUNCT
རྡོ་རྗེ་	རྡོ་རྗེ་	NOUN
དགའ་བ་	དགའ་བ་	VERB
རྣམ་པ་	རྣམ་པ་	NOUN
བཞི་	བཞི་	NUM
འི་	གི་	PART
༔		PUNCT
ཕྱག་རྒྱ་	ཕྱག་རྒྱ་	NOUN
ས་	གིས་	PART
དགུག་	དགུག་	VERB
ཅིང་	ཅིང་	PART
ཉེ་བ་		
གཞུག་	གཞུག་	VERB
༔		PUNCT
དབྱེ་	དབྱེ་	VERB
ར་	ལ་	PART
མེད་	མེད་	VERB
དགྱེས་པ་	དགྱེས་པ་	VERB
ཆེན་པོ་	ཆེན་པོ་	ADJ
ཡི་	གི་	PART
༔		PUNCT
དམ་ཚིག་	དམ་ཚིག་	NOUN
མཆོག་	མཆོག་	ADJ
གི་	གི་	PART
གནས་	གནས་	NOUN
ལ་	ལ་	PART
རོལ་	རོལ་	VERB
༔		PUNCT
མ་	མ་	PART
ཧཱ་		NON_WORD
སུ་	ལ་	PART
ཁ་	ཁ་	PRON
ཛྙཱ་ན་	ཛྙཱ་ན་	PROPN
ཛཿ་		NON_WORD
ཧཱུྃ་		NON_WORD
བྃ་		NON_WORD
ཧོཿ་		NON_WORD
བཞི་པ་	བཞི་པ་	ADJ
དབང་	དབང་	NOUN
བསྐུར་	བསྐུར་	NO_POS
རྒྱ་	རྒྱ་	VERB
གདབ་	གདབ་	NO_POS
ནི་	ནི་	NO_POS
།		PUNCT
དམ་ཚིག་	དམ་ཚིག་	NOUN
ཡེ་ཤེས་	ཡེ་ཤེས་	NOUN
ལྡན་	ལྡན་	VERB
བྱས་པ་	བྱས་པ་	VERB
འི་	གི་	PART
༔		PUNCT
ཐུགས་ཀ་	ཐུགས་ཀ་	NOUN
འི་	གི་	PART
འོད་	འོད་	NOUN
ཀྱིས་	གིས་	PART
དབང་	དབང་	NOUN
ལྷ་	ལྷ་	NOUN
འི་	གི་	PART
ཚོགས་	ཚོགས་	NOUN
༔		PUNCT
སྤྱན་	སྤྱན་	NOUN
དྲངས་	དྲངས་	NO_POS
མངོན་པ་	མངོན་པ་	OTHER
དབང་	དབང་	NOUN
བསྐུར་	བསྐུར་	NO_POS
བསམ་	བསམ་	NOUN
༔		PUNCT
ཨོཾ་	ཨོཾ་	X
ལྷ་	ལྷ་	NOUN
ཡི་	གི་	PART
བདུད་རྩི་	བདུད་རྩི་	NOUN
དྲི་མ་	དྲི་མ་	NOUN
མེད་	མེད་	VERB
༔		PUNCT
ཡེ་ཤེས་	ཡེ་ཤེས་	NOUN
ལྔ་	ལྔ་	NUM
དང་	དང་	NO_POS
ཡང་དག་	ཡང་དག་	ADJ
སྦྱོར་	སྦྱོར་	VERB
༔		PUNCT
བྱང་ཆུབ་	བྱང་ཆུབ་	NOUN
སེམས་	སེམས་	NOUN
ཀྱི་	གི་	PART
ཆུ་རྒྱུན་	ཆུ་རྒྱུན་	NOUN
གྱིས་	གིས་	PART
༔		PUNCT
རྟོག་པ་	རྟོག་པ་	VERB
འི་	གི་	PART
དྲི་མ་	དྲི་མ་	NOUN
སྦྱང་བ་	སྦྱང་བ་	VERB
ར་	ལ་	PART
བྱ་	བྱ་	VERB
༔		PUNCT
ཨོཾ་	ཨོཾ་	X
སརྦ་	སརྦ་	NO_POS
ཏ་	ཏ་	OTHER
ཐཱ་		NON_WORD
ག་	ག་	PRON
ཏ་བོ་	ཏ་བོ་	OTHER
དྷི་		NON_WORD
ཙིཏྟ་		NON_WORD
ཨ་	ཨ་	X
མྲྀ་		NON_WORD
ཏ་	ཏ་	OTHER
ཏྲཱྃ་		NON_WORD
ཧཱུྃ་		NON_WORD
ཨོཾ་	ཨོཾ་	X
ཧྲཱིཿ་		NON_WORD
ཨཱཿ་		NON_WORD
ཨ་	ཨ་	X
བྷི་		NON_WORD
ཥིཉྩ་		NON_WORD
མི་	མི་	PART
༔		PUNCT
བོ་	པོ་	PART
དྷི་		NON_WORD
ཙིཏྟ་		NON_WORD
བདེ་བ་	བདེ་བ་	VERB
ཆེ་	ཆེ་	VERB
༔		PUNCT
དབང་	དབང་	NOUN
བསྐུར་	བསྐུར་	NO_POS
རིགས་	རིགས་	NOUN
ལྔ་	ལྔ་	NUM
ས་	གིས་	PART
དབུ་	དབུ་	NOUN
ར་	ལ་	PART
བརྒྱན་	བརྒྱན་	VERB
བསམ་	བསམ་	NOUN
༔		PUNCT
ལྔ་པ་	ལྔ་པ་	NUM
བརྡ་	བརྡ་	NOUN
ཕྱག་	ཕྱག་	NOUN
འཚལ་བ་	འཚལ་བ་	VERB
ནི་	ནི་	NO_POS
།		PUNCT
ཧཱུྃ་		NON_WORD
༔		PUNCT
རྡོ་རྗེ་	རྡོ་རྗེ་	NOUN
རྐང་ལག་	རྐང་ལག་	NOUN
མཛེས་པ་	མཛེས་པ་	VERB
འི་	གི་	PART
ག་	ག་	NOUN
༔		PUNCT
དགའ་བ་	དགའ་བ་	VERB
འི་	གི་	PART
གླུ་	གླུ་	NOUN
དང་	དང་	NO_POS
རབ་ཏུ་	རབ་ཏུ་	NO_POS
སྦྱོར་	སྦྱོར་	VERB
༔		PUNCT
ངོ་མཚར་	ངོ་མཚར་	ADJ
ཆེན་པོ་	ཆེན་པོ་	ADJ
འི་	གི་	PART
དམ་ཚིག་	དམ་ཚིག་	NOUN
གིས་	གིས་	PART
༔		PUNCT
རྗེས་སུ་	རྗེས་སུ་	OTHER
ཆགས་པ་	ཆགས་པ་	VERB
འི་	གི་	PART
ཕྱག་	ཕྱག་	NOUN
བགྱི་	བགྱི་	VERB
འོ་	གོ་	PART
༔		PUNCT
ཤྲཱི་		NON_WORD
བཛྲ་	བཛྲ་	NO_POS
ཨ་	ཨ་	X
མྲྀ་		NON_WORD
ཏ་	ཏ་	OTHER
མ་	མ་	PART
ཧཱ་		NON_WORD
སུ་	ལ་	PART
ཁ་	ཁ་	PRON
ན་	ལ་	PART
མཱ་	མཱ་	NO_POS
མི་	མི་	PART
༔		PUNCT
དྲུག་པ་	དྲུག་པ་	NUM
མཆོད་པ་	མཆོད་པ་	VERB
འབུལ་བ་	འབུལ་བ་	VERB
ནི་	ནི་	NO_POS
།		PUNCT
ཨོཾ་	ཨོཾ་	X
ཨཱཿ་		NON_WORD
ཧཱུྃ་		NON_WORD
༔		PUNCT
ནམ་མཁའ་	ནམ་མཁའ་	NOUN
ལ་	ལ་	ADP
ས་	གིས་	PART
བྱུང་	བྱུང་	VERB
ཡེ་ཤེས་	ཡེ་ཤེས་	NOUN
སྤྲིན་	སྤྲིན་	NOUN
༔		PUNCT
ལྷ་	ལྷ་	NOUN
ཡི་	གི་	PART
མེ་ཏོག་	མེ་ཏོག་	NOUN
དམར་བ་	དམར་བ་	VERB
འི་	གི་	PART
མདངས་	མདངས་	NOUN
༔		PUNCT
རྡོ་རྗེ་	རྡོ་རྗེ་	NOUN
རྗེས་སུ་	རྗེས་སུ་	OTHER
ཆགས་པ་	ཆགས་པ་	VERB
འི་	གི་	PART
སྤོ་	སྤོ་	NOUN
༔		PUNCT
རིན་ཆེན་	རིན་ཆེན་	OTHER
གཟི་	གཟི་	OTHER
ལྡན་	ལྡན་	VERB
སྒྲོན་མ་	སྒྲོན་མ་	NOUN
ཆེ་	ཆེ་	VERB
༔		PUNCT
སྣ་ཚོགས་	སྣ་ཚོགས་	DET
དྲི་ཞིམ་	དྲི་ཞིམ་	NOUN
བསིལ་བ་	བསིལ་བ་	VERB
འི་	གི་	PART
ཆབ་	ཆབ་	NOUN
༔		PUNCT
རོ་བཅུད་	རོ་བཅུད་	NOUN
ནུས་ལྡན་	ནུས་ལྡན་	ADJ
འཆི་མེད་	འཆི་མེད་	NOUN
བཤོས་	བཤོས་	VERB
༔		PUNCT
འཇིག་རྟེན་	འཇིག་རྟེན་	NOUN
དགེ་བ་	དགེ་བ་	VERB
འི་	གི་	PART
དམ་ཚིག་	དམ་ཚིག་	NOUN
གིས་	གིས་	PART
༔		PUNCT
མཆོད་པ་	མཆོད་པ་	VERB
ས་	གིས་	PART
བདག་	བདག་	PRON
ལ་	ལ་	PART
དགྱེས་པ་	དགྱེས་པ་	VERB
ར་	ལ་	PART
མཛོད་	མཛོད་	NOUN
༔		PUNCT
ཧཱུྃ་		NON_WORD
བཛྲ་	བཛྲ་	NO_POS
པུཥྤཾ་		NON_WORD
དྷཱུ་		NON_WORD
པཾ་		NON_WORD
དཱི་		NON_WORD
པཾ་		NON_WORD
གནྡྷཾ་		NON_WORD
ནཻ་		NON_WORD
ཝི་		NON_WORD
དྱཱ་		NON_WORD
པཱུ་		NON_WORD
ཛ་	ཛ་	OTHER
ཧོཿ་		NON_WORD
ཧཱུྃ་		NON_WORD
༔		PUNCT
དྲུག་	དྲུག་	NUM
ལ་	ལ་	ADP
ས་	གིས་	PART
སྐྱེ་	སྐྱེ་	VERB
སོགས་	སོགས་	DET
གླུ་	གླུ་	NOUN
བླངས་	བླངས་	VERB
ཤིང་	ཅིང་	PART
༔		PUNCT
ཀུན་	ཀུན་	DET
ཏུ་	ལ་	PART
བཟང་པོ་	བཟང་པོ་	ADJ
འི་	གི་	PART
རོལ་མོ་	རོལ་མོ་	NOUN
ཆེ་	ཆེ་	VERB
༔		PUNCT
ནམ་མཁའ་	ནམ་མཁའ་	NOUN
གང་བ་	གང་བ་	VERB
འི་	གི་	PART
ག་	ག་	NOUN
བཅས་པ་	བཅས་པ་	VERB
ས་	གིས་	PART
༔		PUNCT
རྡོ་རྗེ་	རྡོ་རྗེ་	NOUN
རྗེས་སུ་	རྗེས་སུ་	OTHER
ཆགས་པ་	ཆགས་པ་	VERB
ར་	ལ་	PART
མཛོད་	མཛོད་	NOUN
༔		PUNCT
ཧཱུྃ་		NON_WORD
ཤྲཱི་		NON_WORD
བཛྲ་	བཛྲ་	NO_POS
རཱ་	རཱ་	NO_POS
ག་	ག་	PRON
གཱིརྟི་		NON_WORD
ནཱིརྟི་		NON_WORD
ཤབྡ་		NON_WORD
པཱུ་		NON_WORD
ཛ་	ཛ་	OTHER
ཧོཿ་		NON_WORD
ཨོཾ་	ཨོཾ་	X
ཨཱཿ་		NON_WORD
ཧཱུྃ་		NON_WORD
༔		PUNCT
ལྕགས་ཀྱུ་	ལྕགས་ཀྱུ་	NOUN
ལྔ་	ལྔ་	NUM
ཡི་	གི་	PART
རྒྱ་མཚོ་	རྒྱ་མཚོ་	NOUN
ཆེ་	ཆེ་	VERB
༔		PUNCT
ཤ་ཆེན་	ཤ་ཆེན་	NOUN
ལྔ་	ལྔ་	NUM
དང་	དང་	NO_POS
ཡང་དག་	ཡང་དག་	ADJ
ལྡན་	ལྡན་	VERB
༔		PUNCT
རྡོ་རྗེ་	རྡོ་རྗེ་	NOUN
གསུམ་	གསུམ་	NUM
དང་	དང་	NO_POS
མཉམ་	མཉམ་	VERB
སྦྱོར་བ་	སྦྱོར་བ་	VERB
༔		PUNCT
བདུད་རྩི་	བདུད་རྩི་	NOUN
མཆོག་	མཆོག་	ADJ
གིས་	གིས་	PART
མཆོད་པ་	མཆོད་པ་	VERB
ར་	ལ་	PART
བགྱི་	བགྱི་	VERB
༔		PUNCT
བཛྲ་	བཛྲ་	NO_POS
ཨ་	ཨ་	X
མྲྀ་		NON_WORD
ཏ་	ཏ་	OTHER
ཨོཾ་	ཨོཾ་	X
ཨཱཿ་		NON_WORD
ཧཱུྃ་		NON_WORD
༔		PUNCT
ཨ་	ཨ་	X
མྲྀ་		NON_WORD
ཏུ་	ལ་	PART
སིདྡྷི་		NON_WORD
ཀུ་རུ་	ཀུ་རུ་	NO_POS
ཧོ་	ཧོ་	NO_POS
༔		PUNCT
ཧཱུྃ་		NON_WORD
༔		PUNCT
ཁ་དོག་	ཁ་དོག་	NOUN
དྲི་རོ་	དྲི་རོ་	NOUN
ནུས་	ནུས་	VERB
བཅུད་ལྡན་	བཅུད་ལྡན་	OTHER
༔		PUNCT
དམར་	དམར་	VERB
གྱི་	གི་	PART
ཨརྒྷཾ་		NON_WORD
བཏུད་པ་	བཏུད་པ་	VERB
ས་	གིས་	PART
བྲན་	བྲན་	NOUN
༔		PUNCT
འདོད་ཡོན་	འདོད་ཡོན་	NOUN
རྣམ་པ་	རྣམ་པ་	NOUN
ཐམས་ཅད་པ་	ཐམས་ཅད་པ་	DET
འི་	གི་	PART
༔		PUNCT
གཏོར་མ་	གཏོར་མ་	NOUN
འི་	གི་	PART
མཆོད་པ་	མཆོད་པ་	VERB
བཞེས་	བཞེས་	VERB
སུ་	ལ་	PART
གསོལ་	གསོལ་	VERB
༔		PUNCT
བཛྲ་	བཛྲ་	NO_POS
ཨ་	ཨ་	X
མྲྀ་		NON_WORD
ཏ་	ཏ་	OTHER
མ་	མ་	PART
ཧཱ་བ་	ཧཱ་བ་	NON_WORD
ལིཾ་		NON_WORD
ཏ་	ཏ་	OTHER
ཁཱ་		NON_WORD
ཧི་	ཧི་	NO_POS
༔		PUNCT
ཤྲཱི་		NON_WORD
ཧེ་རུ་ཀ་	ཧེ་རུ་ཀ་	NOUN
རཀྟ་		NON_WORD
པི་	པི་	NO_POS
པཱ་	པཱ་	NO_POS
ཧོཿ་		NON_WORD
བདུན་པ་	བདུན་པ་	NUM
བསྟོད་པ་	བསྟོད་པ་	VERB
ནི་	ནི་	NO_POS
།		PUNCT
ཧཱུྃ་		NON_WORD
༔		PUNCT
མ་	མ་	PART
རྒད་	རྒད་	NO_POS
ལྷུན་པོ་	ལྷུན་པོ་	OTHER
འི་	གི་	PART
སྐུ་	སྐུ་	NOUN
ཅན་	ཅན་	PART
ཉི་མ་	ཉི་མ་	NOUN
འབུམ་	འབུམ་	NUM
གྱི་	གི་	PART
གཟི་	གཟི་	OTHER
༔		PUNCT
རྡོ་རྗེ་	རྡོ་རྗེ་	NOUN
བདུད་རྩི་	བདུད་རྩི་	NOUN
འི་	གི་	PART
སྣང་བ་	སྣང་བ་	VERB
ས་	གིས་	PART
ཁམས་	ཁམས་	NOUN
གསུམ་	གསུམ་	NUM
སད་པ་	སད་པ་	VERB
ར་	ལ་	PART
མཛད་	མཛད་	VERB
༔		PUNCT
ཤེས་རབ་	ཤེས་རབ་	NOUN
མ་	མ་	PART
དང་	དང་	NO_POS
མཉམ་	མཉམ་	VERB
སྦྱོར་	སྦྱོར་	VERB
དཔའ་མོ་	དཔའ་མོ་	NOUN
འི་	གི་	PART
ཚོགས་	ཚོགས་	NOUN
སུ་	ལ་	PART
སྤྱོད་	སྤྱོད་	VERB
༔		PUNCT
ཧེ་རུ་ཀ་	ཧེ་རུ་ཀ་	NOUN
དཔལ་	དཔལ་	OTHER
བཙུན་མོ་	བཙུན་མོ་	NOUN
ར་	ལ་	PART
བཅའ་	བཅའ་	VERB
ལ་	ལ་	PART
ཕྱག་	ཕྱག་	NOUN
འཚལ་	འཚལ་	VERB
འདུད་	འདུད་	NO_POS
༔		PUNCT
གང་ཞིག་	གང་ཞིག་	NO_POS
ཡིད་	ཡིད་	NOUN
ལ་	ལ་	PART
དྲན་པ་	དྲན་པ་	VERB
ས་	གིས་	PART
ཀྱང་	ཀྱང་	PART
༔		PUNCT
དངོས་གྲུབ་	དངོས་གྲུབ་	NOUN
མཆོག་	མཆོག་	ADJ
ཀུན་	ཀུན་	DET
སྩོལ་	སྩོལ་	VERB
མཛད་པ་	མཛད་པ་	VERB
༔		PUNCT
དཔལ་ལྡན་	དཔལ་ལྡན་	ADJ
བདེ་ཆེན་	བདེ་ཆེན་	NOUN
མགོན་པོ་	མགོན་པོ་	NOUN
ཀྱེ་	ཀྱེ་	INTJ
༔		PUNCT
བདག་	བདག་	PRON
ལ་	ལ་	PART
རྗེས་སུ་	རྗེས་སུ་	OTHER
དགོངས་པ་	དགོངས་པ་	VERB
ར་	ལ་	PART
མཛོད་	མཛོད་	NOUN
༔		PUNCT
ས་	ས་	ADP
མ་	མ་	PART
ཡ་	ཡ་	NOUN
སིདྡྷི་		NON_WORD
ཨ་ལ་	ཨ་ལ་	ADV
ལ་	ལ་	PART
ཧོཿ་		NON_WORD
ཅེས་	ཅེས་	PART
བསྟོད་	བསྟོད་	VERB
ལ་	ལ་	PART
སེམས་	སེམས་	NOUN
རྩེ་གཅིག་པ་	རྩེ་གཅིག་པ་	ADJ
ས་	གིས་	PART
བསྐྱེད་རིམ་	བསྐྱེད་རིམ་	NOUN
གྱི་	གི་	PART
གསལ་སྣང་	གསལ་སྣང་	PROPN
ལ་	ལ་	PART
སེམས་	སེམས་	NOUN
བཟུང་	བཟུང་	NO_POS
།		PUNCT
བརྒྱད་པ་	བརྒྱད་པ་	NUM
བཟླས་པ་	བཟླས་པ་	VERB
ནི་	ནི་	NO_POS
།		PUNCT
ཡེ་ཤེས་	ཡེ་ཤེས་	NOUN
སེམས་དཔ་	སེམས་དཔའ་	NOUN
འི་	གི་	PART
ཐུགས་	ཐུགས་	NOUN
དབུ་	དབུ་	NOUN
སུ་	ལ་	PART
༔		PUNCT
ཉི་ཟླ་	ཉི་ཟླ་	NOUN
ཁ་སྦྱོར་	ཁ་སྦྱོར་	OTHER
ལྟེ་བ་	ལྟེ་བ་	NOUN
ར་	ལ་	PART
ཧཱུྃ་		NON_WORD
༔		PUNCT
སྔགས་	སྔགས་	NOUN
མཚན་	མཚན་	NOUN
འབར་བ་	འབར་བ་	VERB
འི་	གི་	PART
འོད་ཟེར་	འོད་ཟེར་	NOUN
གྱིས་	གིས་	PART
༔		PUNCT
སྒྲིབ་	སྒྲིབ་	NOUN
བྱང་	བྱང་	NOUN
ཡེ་ཤེས་	ཡེ་ཤེས་	NOUN
བསྐྱེད་པ་	བསྐྱེད་པ་	VERB
ར་	ལ་	PART
བསམ་	བསམ་	NOUN
༔		PUNCT
ཨོཾ་	ཨོཾ་	X
བཛྲ་	བཛྲ་	NO_POS
ཨ་	ཨ་	X
མྲྀ་		NON_WORD
ཏ་	ཏ་	OTHER
མ་	མ་	PART
ཧཱ་		NON_WORD
སུ་	ལ་	PART
ཁ་	ཁ་	PRON
སིདྡྷི་		NON_WORD
སྭཱ་		NON_WORD
ཧཱ་		NON_WORD
༔		PUNCT
འབུམ་ཕྲག་	འབུམ་ཕྲག་	OTHER
བཞི་	བཞི་	NUM
བཟླ་	བཟླ་	NO_POS
།		PUNCT
སླར་ཡང་	སླར་ཡང་	OTHER
ཧེ་རུ་ཀ་	ཧེ་རུ་ཀ་	NOUN
དཔལ་	དཔལ་	OTHER
གྱི་	གི་	PART
༔		PUNCT
སྐུ་གསུང་ཐུགས་	སྐུ་གསུང་ཐུགས་	NOUN
ཀྱི་	གི་	PART
ཕྱག་རྒྱ་	ཕྱག་རྒྱ་	NOUN
འཕྲོ་	འཕྲོ་	NOUN
ས་	གིས་	PART
༔		PUNCT
རྒྱལ་བ་	རྒྱལ་བ་	NOUN
མཆོད་	མཆོད་	VERB
ཅིང་	ཅིང་	PART
འགྲོ་	འགྲོ་	VERB
སྒྲིབ་	སྒྲིབ་	NOUN
སྦྱངས་	སྦྱངས་	VERB
༔		PUNCT
ཐམས་ཅད་	ཐམས་ཅད་	DET
ལྷ་	ལྷ་	NOUN
སྔགས་	སྔགས་	NOUN
ཆོས་སྐུ་	ཆོས་སྐུ་	NOUN
ར་	ལ་	PART
བརྟག་	བརྟག་	VERB
༔		PUNCT
ཨོཾ་	ཨོཾ་	X
ཛྭ་		NON_WORD
ལ་	ལ་	PART
ཛྭ་		NON_WORD
ལ་	ལ་	PART
ཧཱུྃ་		NON_WORD
ཕཊ་		NON_WORD
བྷྱོ་		NON_WORD
སྭཱ་		NON_WORD
ཧཱ་		NON_WORD
༔		PUNCT
འབུམ་ཕྲག་	འབུམ་ཕྲག་	OTHER
བཞི་	བཞི་	NUM
བཟླ་	བཟླ་	NO_POS
།		PUNCT
གཞུང་ལས་	གཞུང་ལས་	NO_POS
།		PUNCT
དེ་ནས་	དེ་ནས་	NO_POS
སྒྲུབ་པ་	སྒྲུབ་པ་	VERB
ཆེན་པོ་	ཆེན་པོ་	ADJ
འི་	གི་	PART
སླད་	སླད་	NOUN
༔		PUNCT
བྷནྡྷ་		NON_WORD
མཚན་	མཚན་	NOUN
བཟང་	བཟང་	VERB
བདུད་རྩི་	བདུད་རྩི་	NOUN
ས་	གིས་	PART
གཏམས་	གཏམས་	VERB
༔		PUNCT
དུར་ཁྲོད་	དུར་ཁྲོད་	NOUN
ཞུན་	ཞུན་	NO_POS
གྱི་	གི་	PART
མར་མེ་	མར་མེ་	NOUN
སྦ་	སྦ་	PROPN
ར་	ལ་	PART
༔		PUNCT
ཐོ་རངས་	ཐོ་རངས་	ADV
དུས་	དུས་	NOUN
སུ་	ལ་	PART
དངོས་གྲུབ་	དངོས་གྲུབ་	NOUN
གསོལ་	གསོལ་	VERB
༔		PUNCT
ཅེས་	ཅེས་	PART
ཚུལ་བཞིན་	ཚུལ་བཞིན་	NOUN
བྱ་བ་	བྱ་བ་	VERB
འམ་	གམ་	PART
རྒྱུན་	རྒྱུན་	NOUN
དུ་	ལ་	PART
བདུད་རྩི་	བདུད་རྩི་	NOUN
ཆོས་སྨན་	ཆོས་སྨན་	OTHER
ལ་	ལ་	PART
རྟེན་	རྟེན་	NOUN
བྱ་	བྱ་	VERB
ཀྱང་	ཀྱང་	PART
རུང་	རུང་	SCONJ
ལ་བ་	ལ་བ་	NOUN
ས་	གིས་	PART
།		PUNCT
ཨོཾ་	ཨོཾ་	X
༔		PUNCT
རྡོ་རྗེ་	རྡོ་རྗེ་	NOUN
བདུད་རྩི་	བདུད་རྩི་	NOUN
བདེ་བ་	བདེ་བ་	VERB
ཆེ་	ཆེ་	VERB
འི་	གི་	PART
༔		PUNCT
ཡེ་ཤེས་	ཡེ་ཤེས་	NOUN
མཆོག་	མཆོག་	ADJ
དང་	དང་	NO_POS
མཉམ་	མཉམ་	VERB
སྦྱོར་བ་	སྦྱོར་བ་	VERB
འི་	གི་	PART
༔		PUNCT
སྐུ་གསུང་ཐུགས་	སྐུ་གསུང་ཐུགས་	NOUN
ཀྱི་	གི་	PART
དངོས་གྲུབ་	དངོས་གྲུབ་	NOUN
དབྱིག་	དབྱིག་	NOUN
༔		PUNCT
དེང་	དེང་	ADV
འདི་	འདི་	DET
ར་	ལ་	PART
བདག་	བདག་	PRON
ལ་	ལ་	PART
སྩལ་	སྩལ་	VERB
དུ་	ལ་	PART
གསོལ་	གསོལ་	VERB
༔		PUNCT
ཨོཾ་	ཨོཾ་	X
བཛྲ་	བཛྲ་	NO_POS
ཨ་	ཨ་	X
མྲྀ་		NON_WORD
ཏ་	ཏ་	OTHER
མ་	མ་	PART
ཧཱ་		NON_WORD
སུ་	ལ་	PART
ཁ་	ཁ་	PRON
ཧཱུྃ་		NON_WORD
ཧཱུྃ་		NON_WORD
༔		PUNCT
ཅུང་ཟད་	ཅུང་ཟད་	ADV
བཟླས་	བཟླས་	NO_POS
ན་	ནས་	PART
།		PUNCT
བསྐུལ་བ་	བསྐུལ་བ་	VERB
ས་	གིས་	PART
ཐོད་པ་	ཐོད་པ་	NOUN
འི་	གི་	PART
ནམ་མཁའ་	ནམ་མཁའ་	NOUN
རུ་	ལ་	PART
༔		PUNCT
ལྷ་	ལྷ་	NOUN
རྣམ་	རྣམ་	NOUN
ཡབ་ཡུམ་	ཡབ་ཡུམ་	NOUN
རྗེས་ཆགས་	རྗེས་ཆགས་	NO_POS
ཀྱིས་	གིས་	PART
༔		PUNCT
འཁོར་འདས་	འཁོར་འདས་	NOUN
ཀུན་	ཀུན་	DET
གྱི་	གི་	PART
དངོས་གྲུབ་	དངོས་གྲུབ་	NOUN
བསྡུ་	བསྡུ་	VERB
༔		PUNCT
འོད་ཞུ་	འོད་ཞུ་	NO_POS
བདུད་རྩི་	བདུད་རྩི་	NOUN
ར་	ལ་	PART
རོ་	རོ་	NOUN
གཅིག་	གཅིག་	NUM
བསམ་	བསམ་	NOUN
༔		PUNCT
ཨོཾ་	ཨོཾ་	X
བཛྲ་	བཛྲ་	NO_POS
ཨ་	ཨ་	X
མྲྀ་		NON_WORD
ཏ་	ཏ་	OTHER
མ་	མ་	PART
ཧཱ་		NON_WORD
སུ་	ལ་	PART
ཁ་	ཁ་	PRON
ཀཱ་	ཀཱ་	NO_POS
ཡ་	ཡ་	NOUN
ཝཱ་	ཝཱ་	NO_POS
ཀ་	ཀ་	DET
ཙིཏྟ་		NON_WORD
སིདྡྷི་		NON_WORD
ཧཱུྃ་		NON_WORD
ཧཱུྃ་		NON_WORD
༔		PUNCT
ཞེ་	ཅེས་	PART
བརྗོད་	བརྗོད་	VERB
གནས་	གནས་	NOUN
གསུམ་	གསུམ་	NUM
རེག་བྱ་	རེག་བྱ་	NOUN
ས་	གིས་	PART
ལ་	ལ་	PART
༔		PUNCT
བདུད་རྩི་	བདུད་རྩི་	NOUN
བཏུང་	བཏུང་	NO_POS
ཞིང་	ཅིང་	PART
བདེ་	བདེ་	VERB
ཉམས་	ཉམས་	NOUN
བསྐྱང་	བསྐྱང་	NO_POS
༔		PUNCT
དངོས་གྲུབ་	དངོས་གྲུབ་	NOUN
ཐམས་ཅད་	ཐམས་ཅད་	DET
ཐོབ་པ་	ཐོབ་པ་	VERB
ར་	ལ་	PART
བསམ་	བསམ་	NOUN
༔		PUNCT
ཐུན་	ཐུན་	NOUN
མཐ་	མཐའ་	NOUN
ར་	ལ་	PART
དབྱངས་གསལ་	དབྱངས་གསལ་	OTHER
རྟེན་	རྟེན་	NOUN
སྙིང་	སྙིང་	NOUN
ཡིག་བརྒྱ་	ཡིག་བརྒྱ་	NO_POS
བརྗོད་	བརྗོད་	VERB
ཅིང་	ཅིང་	PART
སྔགས་	སྔགས་	NOUN
ཀྱི་	གི་	PART
ནུས་པ་	ནུས་པ་	VERB
བརྟན་པ་	བརྟན་པ་	VERB
ར་	ལ་	PART
བྱ་	བྱ་	VERB
ལ་	ལ་	PART
མཆོད་	མཆོད་	VERB
ཅིང་	ཅིང་	PART
བསྟོད་	བསྟོད་	VERB
།		PUNCT
ཆོས་སྐྱོང་	ཆོས་སྐྱོང་	NOUN
ལ་	ལ་	PART
གཏོ་	གཏོ་	VERB
འབུལ་	འབུལ་	NO_POS
དང་	དང་	NO_POS
བསྐང་བཤགས་	བསྐང་བཤགས་	NO_POS
ཇི་ལྟ་		
རིགས་པ་	རིགས་པ་	VERB
གྲུབ་	གྲུབ་	VERB
ན་	ནས་	PART
།		PUNCT
གསུམ་པ་	གསུམ་པ་	NUM
རྗེས་	རྗེས་	NOUN
ཀྱི་	གི་	PART
བྱ་བ་	བྱ་བ་	VERB
ལ་	ལ་	PART
དྲུག་	དྲུག་	NUM
ལ་	ལ་	ADP
ས་	གིས་	PART
།		PUNCT
དང་པོ་	དང་པོ་	ADJ
ཚོགས་	ཚོགས་	NOUN
ཀྱི་	གི་	PART
འཁོར་ལོ་	འཁོར་ལོ་	NOUN
ལ་	ལ་	PART
།		PUNCT
ཐོག་མ་	ཐོག་མ་	NOUN
ར་	ལ་	PART
བྱིན་	བྱིན་	VERB
གྱིས་	གིས་	PART
བརླབ་པ་	བརླབ་པ་	VERB
ནི་	ནི་	NO_POS
།		PUNCT
མ་	མ་	PART
ད་	ད་	ADV
ན་	ལ་	PART
དང་བ་	དང་བ་	NOUN
ལ་སོགས་	ལ་སོགས་	NO_POS
ཚོགས་	ཚོགས་	NOUN
ཀྱི་	གི་	PART
མཆོད་པ་	མཆོད་པ་	VERB
འདུ་	འདུ་	VERB
བྱ་	བྱ་	VERB
ལ་	ལ་	PART
བདུད་རྩི་	བདུད་རྩི་	NOUN
ས་	གིས་	PART
བྲན་	བྲན་	NOUN
།		PUNCT
ཧཱུྃ་		NON_WORD
༔		PUNCT
སྣོད་	སྣོད་	NOUN
ནི་	ནི་	NO_POS
ཨཱ་	ཨཱ་	NO_POS
ལས་ཀ་	ལས་ཀ་	OTHER
པཱ་	པཱ་	NO_POS
ལ་	ལ་	PART
༔		PUNCT
མཚན་ལྡན་	མཚན་ལྡན་	ADJ
སྟོང་གསུམ་	སྟོང་གསུམ་	OTHER
ཁྱོན་	ཁྱོན་	NOUN
དང་	དང་	NO_POS
མཉམ་	མཉམ་	VERB
༔		PUNCT
བཅུད་	བཅུད་	NOUN
མཆོག་	མཆོག་	ADJ
ལྕགས་ཀྱུ་	ལྕགས་ཀྱུ་	NOUN
སྒྲོན་མ་	སྒྲོན་མ་	NOUN
ལྔ་	ལྔ་	NUM
༔		PUNCT
ཡེ་ཤེས་	ཡེ་ཤེས་	NOUN
འདོད་ཡོན་	འདོད་ཡོན་	NOUN
ཕུང་པོ་	ཕུང་པོ་	NOUN
ར་	ལ་	PART
བསམ་	བསམ་	NOUN
༔		PUNCT
ཨོཾ་	ཨོཾ་	X
ཨཱཿ་		NON_WORD
ཧཱུྃ་		NON_WORD
ཧ་	ཧ་	NOUN
ཧོ་	ཧོ་	NO_POS
ཧྲཱིཿ་		NON_WORD
ཚོགས་	ཚོགས་	NOUN
ཞིང་	ཅིང་	PART
སྤྱན་	སྤྱན་	NOUN
འདྲེན་པ་	འདྲེན་པ་	VERB
ནི་	ནི་	NO_POS
།		PUNCT
ཧཱུྃ་		NON_WORD
༔		PUNCT
རྡོ་རྗེ་	རྡོ་རྗེ་	NOUN
བདུད་རྩི་	བདུད་རྩི་	NOUN
བདེ་བ་	བདེ་བ་	VERB
ཆེ་	ཆེ་	VERB
༔		PUNCT
ཞི་	ཞི་	VERB
ཁྲོ་	ཁྲོ་	VERB
འདུས་པ་	འདུས་པ་	VERB
འི་	གི་	PART
ལྷ་ཚོགས་	ལྷ་ཚོགས་	NOUN
དང་	དང་	NO_POS
༔		PUNCT
གནས་ཡུལ་	གནས་ཡུལ་	NO_POS
དཔའ་བོ་	དཔའ་བོ་	NOUN
མཁའ་འགྲོ་	མཁའ་འགྲོ་	NOUN
ཀུན་	ཀུན་	DET
༔		PUNCT
དམ་ཚིག་	དམ་ཚིག་	NOUN
ལོངས་སྤྱོད་	ལོངས་སྤྱོད་	NOUN
ཆེན་པོ་	ཆེན་པོ་	ADJ
ར་	ལ་	PART
གཤེགས་	གཤེགས་	VERB
༔		PUNCT
ཅེས་	ཅེས་	PART
སྤྱན་	སྤྱན་	NOUN
དྲང་	དྲང་	VERB
ལ་	ལ་	PART
མཆོད་	མཆོད་	VERB
ཅིང་	ཅིང་	PART
བཤགས་པ་	བཤགས་པ་	VERB
ནི་	ནི་	NO_POS
།		PUNCT
ཧཱུྃ་		NON_WORD
༔		PUNCT
ཨཱ་ལི་	ཨཱ་ལི་	NOUN
ཀཱ་ལི་	ཀཱ་ལི་	OTHER
སྙོམས་	སྙོམས་	VERB
ཞུགས་པ་	ཞུགས་པ་	VERB
འི་	གི་	PART
༔		PUNCT
འཆི་མེད་	འཆི་མེད་	NOUN
པཉྩ་	པཉྩ་	NO_POS
ཨ་	ཨ་	X
མྲྀ་		NON_WORD
ཏ་	ཏ་	OTHER
༔		PUNCT
བཟའ་བཅའ་	བཟའ་བཅའ་	NO_POS
བཏུང་བ་	བཏུང་བ་	VERB
ར་	ལ་	PART
ཡང་དག་	ཡང་དག་	ADJ
ལྡན་	ལྡན་	VERB
༔		PUNCT
འདོད་པ་	འདོད་པ་	VERB
འི་	གི་	PART
ཡོན་ཏན་	ཡོན་ཏན་	NOUN
བསམ་	བསམ་	NOUN
མི་	མི་	PART
ཁྱབ་	ཁྱབ་	VERB
༔		PUNCT
བཞེས་	བཞེས་	VERB
ཤིག་	ཅིག་	PART
བདེ་བ་	བདེ་བ་	VERB
ཆེན་པོ་	ཆེན་པོ་	ADJ
ར་	ལ་	PART
བཞེས་	བཞེས་	VERB
༔		PUNCT
སྡོམ་	སྡོམ་	NOUN
དང་	དང་	NO_POS
དམ་ཚིག་	དམ་ཚིག་	NOUN
ཉམས་ཆག་	ཉམས་ཆག་	OTHER
བཤགས་	བཤགས་	NO_POS
༔		PUNCT
སྒྲིབ་	སྒྲིབ་	NOUN
མེད་	མེད་	VERB
ཚངས་པ་	ཚངས་པ་	PROPN
ར་	ལ་	PART
དབུགས་ཕྱུང་	དབུགས་ཕྱུང་	NO_POS
ན་	ནས་	PART
༔		PUNCT
དངོས་གྲུབ་	དངོས་གྲུབ་	NOUN
འབྲས་བུ་	འབྲས་བུ་	NOUN
མཆིས་པ་	མཆིས་པ་	VERB
ར་	ལ་	PART
མཛོད་	མཛོད་	NOUN
༔		PUNCT
ཨོཾ་	ཨོཾ་	X
བཛྲ་	བཛྲ་	NO_POS
ཨ་	ཨ་	X
མྲྀ་		NON_WORD
ཏ་	ཏ་	OTHER
མ་	མ་	PART
ཧཱ་		NON_WORD
སུ་	ལ་	PART
ཁ་	ཁ་	PRON
མཎྜལ་		NON_WORD
སརྦ་	སརྦ་	NO_POS
ག་	ག་	PRON
ཎ་		NON_WORD
ཙཀྲ་	ཙཀྲ་	NO_POS
ས་	ས་	ADP
མ་	མ་	PART
ཡ་	ཡ་	NOUN
ཧོཿ་		NON_WORD
ཞེ་	ཅེས་	PART
དང་	དང་	NO_POS
ཧེ་རུ་ཀ་	ཧེ་རུ་ཀ་	NOUN
ཡི་	གི་	PART
ཡིག་བརྒྱ་	ཡིག་བརྒྱ་	NO_POS
བཟླ་	བཟླ་	NO_POS
།		PUNCT
བརྡ་	བརྡ་	NOUN
དང་	དང་	NO_POS
བརྡ་	བརྡའ་	NOUN
འི་	གི་	PART
འབུལ་	འབུལ་	NO_POS
ལེན་	ལེན་	VERB
བཅའ་	བཅའ་	VERB
དམ་ཚིག་	དམ་ཚིག་	NOUN
གི་	གི་	PART
རྫ་	རྫ་	NOUN
ལ་	ལ་	PART
ལོངས་སྤྱོད་	ལོངས་སྤྱོད་	NOUN
ཅིང་	ཅིང་	PART
།		PUNCT
ལྷག་མ་	ལྷག་མ་	NOUN
བསྡུ་	བསྡུ་	VERB
ལ་	ལ་	PART
བདུད་རྩི་	བདུད་རྩི་	NOUN
ས་	གིས་	PART
བྲན་	བྲན་	NOUN
།		PUNCT
ཧཱུྃ་		NON_WORD
ཧོཿ་		NON_WORD
ཧྲཱིཾ་		NON_WORD
ཧྲཱིཾ་		NON_WORD
ཕེཾ་		NON_WORD
༔		PUNCT
འབྱུང་པོ་	འབྱུང་པོ་	NOUN
ལྷག་	ལྷག་	NOUN
གི་	གི་	PART
གཉེར་འཛིན་	གཉེར་འཛིན་	NO_POS
ཀུན་	ཀུན་	DET
༔		PUNCT
དམ་ཚིག་	དམ་ཚིག་	NOUN
བདུད་རྩི་	བདུད་རྩི་	NOUN
འི་	གི་	PART
ཚོགས་	ཚོགས་	NOUN
ལྷག་	ལྷག་	NOUN
བཞེས་	བཞེས་	VERB
༔		PUNCT
རྣལ་འབྱོར་	རྣལ་འབྱོར་	NOUN
ལམ་	གམ་	PART
གྱི་	གི་	PART
བར་ཆད་	བར་ཆད་	NOUN
སོལ་	སོལ་	VERB
༔		PUNCT
བཅོལ་བ་	བཅོལ་བ་	VERB
འི་	གི་	PART
ལ་	ལ་	ADP
ས་	གིས་	PART
ཀུན་	ཀུན་	DET
འགྲུབ་པ་	འགྲུབ་པ་	VERB
ར་	ལ་	PART
མཛོད་	མཛོད་	NOUN
༔		PUNCT
ཨོཾ་	ཨོཾ་	X
ཨུཙྪིཥྟབ་		NON_WORD
ལིཾ་		NON_WORD
ཏ་	ཏ་	OTHER
ཁཱ་		NON_WORD
ཧིཿ་		NON_WORD
ཅེས་	ཅེས་	PART
ཕྱི་རོལ་	ཕྱི་རོལ་	NOUN
གོམ་པ་	གོམ་པ་	NOUN
བདུན་ཅུ་	བདུན་ཅུ་	NO_POS
འི་	གི་	PART
ས་	ས་	ADP
ར་	ལ་	PART
བསྐྱལ་	བསྐྱལ་	NO_POS
།		PUNCT
གཉིས་པ་	གཉིས་པ་	NUM
སྨོན་ལམ་	སྨོན་ལམ་	NOUN
གདབ་པ་	གདབ་པ་	VERB
ནི་	ནི་	NO_POS
།		PUNCT
རྡོ་རྗེ་	རྡོ་རྗེ་	NOUN
ཉི་མ་	ཉི་མ་	NOUN
འི་	གི་	PART
རིགས་	རིགས་	NOUN
ལ་	ལ་	ADP
ས་	གིས་	PART
ཡང་དག་	ཡང་དག་	ADJ
བྱུང་	བྱུང་	VERB
གྱུར་	གྱུར་	VERB
ཅིང་	ཅིང་	PART
༔		PUNCT
བདེ་ཆེན་	བདེ་ཆེན་	NOUN
བདུད་རྩི་	བདུད་རྩི་	NOUN
ས་	གིས་	PART
བརྟན་གཡོ་	བརྟན་གཡོ་	NO_POS
འི་	གི་	PART
དངོ་	དངོ་	NOUN
ཀུན་ཁྱབ་པ་	ཀུན་ཁྱབ་པ་	OTHER
ར་	ལ་	PART
མཛད་	མཛད་	VERB
༔		PUNCT
ཞི་	ཞི་	VERB
ཁྲོ་	ཁྲོ་	VERB
འདུས་པ་	འདུས་པ་	VERB
བཙུན་མོ་	བཙུན་མོ་	NOUN
འི་	གི་	PART
ཚོགས་	ཚོགས་	NOUN
དང་	དང་	NO_POS
བཅས་པ་	བཅས་པ་	VERB
ཡི་	གིས་	PART
༔		PUNCT
འབྱུང་པོ་	འབྱུང་པོ་	NOUN
ཀུན་	ཀུན་	DET
ལ་	ལ་	PART
རྟག་	རྟག་	VERB
ཏུ་	ལ་	PART
དགེ་ལེགས་	དགེ་ལེགས་	OTHER
སྦྱིན་	སྦྱིན་	VERB
གྱུར་ཅིག་	གྱུར་ཅིག་	NO_POS
༔		PUNCT
འཇིག་རྟེན་	འཇིག་རྟེན་	NOUN
ཉེ་བ་		
འཚེ་བ་	འཚེ་བ་	VERB
དང་	དང་	NO_POS
༔		PUNCT
རྣལ་འབྱོར་	རྣལ་འབྱོར་	NOUN
ཟབ་མོ་	ཟབ་མོ་	ADJ
འི་	གི་	PART
བར་ཆད་	བར་ཆད་	NOUN
ཞི་	ཞི་	VERB
༔		PUNCT
བདེ་བ་	བདེ་བ་	VERB
འི་	གི་	PART
གནས་	གནས་	NOUN
ན་	ནས་	PART
བདེ་བ་	བདེ་བ་	VERB
འི་	གི་	PART
ལམ་	གམ་	PART
༔		PUNCT
བདེ་ཆེན་	བདེ་ཆེན་	NOUN
འབྲས་བུ་	འབྲས་བུ་	NOUN
མྱུར་	མྱུར་	VERB
ཐོབ་	ཐོབ་	VERB
ཤོག་	ཤོག་	VERB
༔		PUNCT
གསུམ་པ་	གསུམ་པ་	NUM
ཆད་མདོ་	ཆད་མདོ་	NOUN
བསྐྱང་བ་	བསྐྱང་བ་	VERB
ནི་	ནི་	NO_POS
།		PUNCT
ཧཱུྃ་		NON_WORD
བྷྱོ་		NON_WORD
༔		PUNCT
སྔོན་ཚེ་	སྔོན་ཚེ་	NO_POS
འོག་མིན་	འོག་མིན་	PROPN
བདེ་ཆེན་	བདེ་ཆེན་	NOUN
ཞིང་	ཅིང་	PART
༔		PUNCT
གསང་བ་	གསང་བ་	VERB
མཆོག་	མཆོག་	ADJ
གི་	གི་	PART
དགྱེས་པ་	དགྱེས་པ་	VERB
ན་	ལ་	PART
༔		PUNCT
བཅོམ་ལྡན་	བཅོམ་ལྡན་	NOUN
རྡོ་རྗེ་	རྡོ་རྗེ་	NOUN
ཧེ་རུ་ཀ་	ཧེ་རུ་ཀ་	NOUN
ས་	གིས་	PART
༔		PUNCT
ཐ་ཚིག་	ཐ་ཚིག་	NOUN
ཕོག་པ་	ཕོག་པ་	VERB
འི་	གི་	PART
སྲུང་མ་	སྲུང་མ་	NOUN
ཀུན་	ཀུན་	DET
༔		PUNCT
འདི་	འདི་	DET
ར་	ལ་	PART
གཤེགས་	གཤེགས་	VERB
རྒྱན་	རྒྱན་	NOUN
གྱི་	གི་	PART
གཏོར་མ་	གཏོར་མ་	NOUN
བཞེས་	བཞེས་	VERB
༔		PUNCT
རྣམ་	རྣམ་	NOUN
བཞི་	བཞི་	NUM
འི་	གི་	PART
ཕྲིན་ལས་	ཕྲིན་ལས་	NOUN
འགྲུབ་པ་	འགྲུབ་པ་	VERB
ར་	ལ་	PART
མཛོད་	མཛོད་	NOUN
༔		PUNCT
ཧཱུྃ་		NON_WORD
བྷྱོཿ་		NON_WORD
བ་	བ་	NOUN
དུ་	ལ་	PART
ལྷ་མིན་	ལྷ་མིན་	NOUN
འདུ་བ་	འདུ་བ་	VERB
འི་	གི་	PART
གནས་	གནས་	NOUN
༔		PUNCT
ཨ་སུ་ར་	ཨ་སུ་ར་	NO_POS
ཡི་	གི་	PART
བྲག་ཕུག་	བྲག་ཕུག་	NOUN
ཏུ་	ལ་	PART
༔		PUNCT
སློབ་དཔོན་	སློབ་དཔོན་	NOUN
བདེ་བ་	བདེ་བ་	VERB
ཆེན་པོ་	ཆེན་པོ་	ADJ
ཡི་	གིས་	PART
༔		PUNCT
དམ་	གམ་	PART
ལ་	ལ་	PART
བཞག་པ་	བཞག་པ་	VERB
འི་	གི་	PART
དྲེགས་	དྲེགས་	NOUN
ཚོགས་	ཚོགས་	NOUN
ཀུན་	ཀུན་	DET
༔		PUNCT
འདི་	འདི་	DET
ར་	ལ་	PART
གཤེགས་	གཤེགས་	VERB
རྒྱན་	རྒྱན་	NOUN
གྱི་	གི་	PART
གཏོར་མ་	གཏོར་མ་	NOUN
བཞེས་	བཞེས་	VERB
༔		PUNCT
རྣམ་	རྣམ་	NOUN
བཞི་	བཞི་	NUM
འི་	གི་	PART
ཕྲིན་ལས་	ཕྲིན་ལས་	NOUN
འགྲུབ་པ་	འགྲུབ་པ་	VERB
ར་	ལ་	PART
མཛོད་	མཛོད་	NOUN
༔		PUNCT
ཧཱུྃ་		NON_WORD
བྷྱོཿ་		NON_WORD
ད་ལྟ་	ད་ལྟ་	OTHER
སྒྲུབ་པ་	སྒྲུབ་པ་	VERB
འི་	གི་	PART
གནས་མཆོག་	གནས་མཆོག་	OTHER
འདི་	འདི་	DET
ར་	ལ་	PART
༔		PUNCT
གསང་བ་	གསང་བ་	VERB
འི་	གི་	PART
དཀྱིལ་འཁོར་	དཀྱིལ་འཁོར་	NOUN
ཞལ་	ཞལ་	NOUN
ཕྱེ་	ཕྱེ་	VERB
ན་	ནས་	PART
༔		PUNCT
རིག་འཛིན་	རིག་འཛིན་	OTHER
རྣལ་འབྱོར་	རྣལ་འབྱོར་	NOUN
བདག་ཅག་	བདག་ཅག་	PRON
གིས་	གིས་	PART
༔		PUNCT
འབོད་	འབོད་	VERB
ཅིང་	ཅིང་	PART
བསྐུལ་བ་	བསྐུལ་བ་	VERB
འི་	གི་	PART
སྲུང་མ་	སྲུང་མ་	NOUN
ཀུན་	ཀུན་	DET
༔		PUNCT
འདི་	འདི་	DET
ར་	ལ་	PART
གཤེགས་	གཤེགས་	VERB
རྒྱན་	རྒྱན་	NOUN
གྱི་	གི་	PART
གཏོར་མ་	གཏོར་མ་	NOUN
བཞེས་	བཞེས་	VERB
༔		PUNCT
རྣམ་	རྣམ་	NOUN
བཞི་	བཞི་	NUM
འི་	གི་	PART
ཕྲིན་ལས་	ཕྲིན་ལས་	NOUN
འགྲུབ་པ་	འགྲུབ་པ་	VERB
ར་	ལ་	PART
མཛོད་	མཛོད་	NOUN
༔		PUNCT
ཤྲཱི་		NON_WORD
བཛྲ་	བཛྲ་	NO_POS
དྷརྨ་		NON_WORD
པཱ་	པཱ་	NO_POS
ལ་	ལ་	PART
སརྦ་	སརྦ་	NO_POS
ས་	ས་	ADP
མ་	མ་	PART
ཡ་	ཡ་	NOUN
ཀརྨ་	ཀརྨ་	NO_POS
ཀུ་རུ་	ཀུ་རུ་	NO_POS
ཧོ་	ཧོ་	NO_POS
༔		PUNCT
བཞི་པ་	བཞི་པ་	ADJ
བརྟན་མ་	བརྟན་མ་	NOUN
བསྐྱང་བ་	བསྐྱང་བ་	VERB
ནི་	ནི་	NO_POS
།		PUNCT
ཧཱུྃ་		NON_WORD
བྷྱོ་		NON_WORD
༔		PUNCT
ཨ་སུ་ར་	ཨ་སུ་ར་	NO_POS
ཡི་	གི་	PART
བྲག་ཕུག་	བྲག་ཕུག་	NOUN
ཏུ་	ལ་	PART
༔		PUNCT
སློབ་དཔོན་	སློབ་དཔོན་	NOUN
བདེ་བ་	བདེ་བ་	VERB
ཆེན་པོ་	ཆེན་པོ་	ADJ
དང་	དང་	NO_POS
༔		PUNCT
རིགས་ལྡན་	རིགས་ལྡན་	PROPN
ཤཱཀྱ་	ཤཱཀྱ་	PROPN
དེ་	སྟེ་	PART
ཝཱི་		NON_WORD
ཡི་	གིས་	PART
༔		PUNCT
རྡོ་རྗེ་	རྡོ་རྗེ་	NOUN
བདུད་རྩི་	བདུད་རྩི་	NOUN
འི་	གི་	PART
དཀྱིལ་འཁོར་	དཀྱིལ་འཁོར་	NOUN
དུ་	ལ་	PART
༔		PUNCT
གསང་བ་	གསང་བ་	VERB
འི་	གི་	PART
དམ་ཚིག་	དམ་ཚིག་	NOUN
གཉེར་	གཉེར་	VERB
གཏད་པ་	གཏད་པ་	VERB
འི་	གི་	PART
༔		PUNCT
བརྟན་མ་	བརྟན་མ་	NOUN
སྐྱོང་མ་	སྐྱོང་མ་	NO_POS
ཡ་མ་	ཡ་མ་	NO_POS
འི་	གི་	PART
ཚོགས་	ཚོགས་	NOUN
༔		PUNCT
སྨན་	སྨན་	NOUN
ཕྲན་	ཕྲན་	OTHER
འབུམ་	འབུམ་	NUM
གྱི་	གི་	PART
འཁོར་	འཁོར་	NOUN
དང་	དང་	NO_POS
བཅའ་	བཅའ་	VERB
༔		PUNCT
ཚུ་		
གཤེགས་	གཤེགས་	VERB
བཤལ་	བཤལ་	NO_POS
ཆུ་	ཆུ་	NOUN
འི་	གི་	PART
བདུད་རྩི་	བདུད་རྩི་	NOUN
བཞེས་	བཞེས་	VERB
༔		PUNCT
བོད་	བོད་	PROPN
ཁམས་	ཁམས་	NOUN
སོ་ཁ་	སོ་ཁ་	NO_POS
སྲུང་བ་	སྲུང་བ་	VERB
དང་	དང་	NO_POS
༔		PUNCT
མཐའ་དམག་	མཐའ་དམག་	OTHER
གདུག་པ་	གདུག་པ་	ADJ
འི་	གི་	PART
འཚེ་བ་	འཚེ་བ་	VERB
ཟློག་	ཟློག་	VERB
༔		PUNCT
ནད་	ནད་	NOUN
མུག་	མུག་	VERB
འཁྲུགས་	འཁྲུགས་	NO_POS
རྩོད་	རྩོད་	VERB
དལ་ཡམས་	དལ་ཡམས་	NO_POS
སོལ་	སོལ་	VERB
༔		PUNCT
ལེགས་ཚོགས་	ལེགས་ཚོགས་	OTHER
རྒྱས་པ་	རྒྱས་པ་	VERB
འི་	གི་	PART
ཕྲིན་ལས་	ཕྲིན་ལས་	NOUN
མཛོད་	མཛོད་	NOUN
༔		PUNCT
མ་མ་	མ་མ་	NOUN
ཌཱ་ཀི་	ཌཱ་ཀི་	NOUN
ནཱི་		NON_WORD
སརྦ་	སརྦ་	NO_POS
ས་	ས་	ADP
མ་	མ་	PART
ཡ་	ཡ་	NOUN
ཨ་	ཨ་	X
མྲྀ་		NON_WORD
ཏ་	ཏ་	OTHER
པཱུ་		NON_WORD
ཛ་	ཛ་	OTHER
ཧོཿ་		NON_WORD
དེ་ནས་	དེ་ནས་	NO_POS
མཆོད་བསྟོད་	མཆོད་བསྟོད་	NOUN
མདོར་བསྡུས་	མདོར་བསྡུས་	OTHER
དང་	དང་	NO_POS
ཡི་གེ་	ཡི་གེ་	NOUN
བརྒྱ་པ་	བརྒྱ་པ་	NUM
ས་	གིས་	PART
ནོངས་པ་	ནོངས་པ་	VERB
བཤགས་	བཤགས་	NO_POS
།		PUNCT
ལྔ་པ་	ལྔ་པ་	NUM
བསྡུ་	བསྡུ་	VERB
ལྡང་	ལྡང་	NO_POS
ནི་	ནི་	NO_POS
།		PUNCT
སྣོད་བཅུད་	སྣོད་བཅུད་	NOUN
འོད་གསལ་	འོད་གསལ་	NOUN
ཐིག་ལེ་	ཐིག་ལེ་	NOUN
ར་	ལ་	PART
ཐིམ་	ཐིམ་	NO_POS
༔		PUNCT
སླར་ཡང་	སླར་ཡང་	OTHER
སྣང་བ་	སྣང་བ་	VERB
ལྷ་	ལྷ་	NOUN
ཡི་	གི་	PART
སྐུ་	སྐུ་	NOUN
༔		PUNCT
བརྗོད་པ་	བརྗོད་པ་	VERB
འི་	གི་	PART
ངག་	ངག་	NOUN
ཀུན་	ཀུན་	DET
སྔགས་	སྔགས་	NOUN
ཀྱི་	གི་	PART
ཚིག་	ཚིག་	NOUN
༔		PUNCT
ཡེ་ཤེས་	ཡེ་ཤེས་	NOUN
སྒྱུ་མ་	སྒྱུ་མ་	NOUN
འི་	གི་	PART
རོལ་པ་	རོལ་པ་	VERB
ར་	ལ་	PART
སྤྱོད་	སྤྱོད་	VERB
༔		PUNCT
ཨོཾ་	ཨོཾ་	X
ཨཱཿ་		NON_WORD
ཧཱུྃ་		NON_WORD
༔		PUNCT
དྲུག་པ་	དྲུག་པ་	NUM
བསྔོ་སྨོན་	བསྔོ་སྨོན་	NO_POS
ཤིས་བརྗོད་	ཤིས་བརྗོད་	OTHER
ནི་	ནི་	NO_POS
།		PUNCT
ཨོཾ་	ཨོཾ་	X
༔		PUNCT
དགེ་བ་	དགེ་བ་	VERB
འདི་	འདི་	DET
ཡི་	གིས་	PART
བདག་	བདག་	PRON
དང་	དང་	NO_POS
མཐའ་	མཐའ་	NOUN
ཡ་		
སེམས་ཅན་	སེམས་ཅན་	NOUN
ཀུན་	ཀུན་	DET
༔		PUNCT
རྡོ་རྗེ་	རྡོ་རྗེ་	NOUN
བདུད་རྩི་	བདུད་རྩི་	NOUN
འི་	གི་	PART
བདེ་བ་	བདེ་བ་	VERB
མཆོག་	མཆོག་	ADJ
དང་	དང་	NO_POS
མཉམ་	མཉམ་	VERB
སྦྱོར་བ་	སྦྱོར་བ་	VERB
ས་	གིས་	PART
༔		PUNCT
ཐུན་མོང་	ཐུན་མོང་	ADJ
དངོས་གྲུབ་	དངོས་གྲུབ་	NOUN
དཀའ་བ་	དཀའ་བ་	VERB
མེད་པ་	མེད་པ་	VERB
ར་	ལ་	PART
འཐོབ་པ་	འཐོབ་པ་	VERB
དང་	དང་	NO_POS
༔		PUNCT
མཆོག་	མཆོག་	ADJ
གི་	གི་	PART
ཡེ་ཤེས་	ཡེ་ཤེས་	NOUN
མྱུར་	མྱུར་	VERB
དུ་	ལ་	PART
འགྲུབ་པ་	འགྲུབ་པ་	VERB
འི་	གི་	PART
བཀྲ་ཤིས་ཤོག་	བཀྲ་ཤིས་ཤོག་	NO_POS
༔		PUNCT
ཅེས་	ཅེས་	PART
སོགས་	སོགས་	DET
ཤིས་པ་	ཤིས་པ་	VERB
ར་	ལ་	PART
བརྗོད་	བརྗོད་	VERB
ཅིང་	ཅིང་	PART
མེ་ཏོག་	མེ་ཏོག་	NOUN
གི་	གི་	PART
ཆ་	ཆ་	NOUN
ར་	ལ་	PART
དབབ་པ་	དབབ་པ་	VERB
ས་	གིས་	PART
དགེ་ལེགས་	དགེ་ལེགས་	OTHER
སུ་	ལ་	PART
བྱ་	བྱ་	VERB
འོ་	གོ་	PART
།		PUNCT
ཅེས་པ་	ཅེས་པ་	PART
འང་	ཀྱང་	PART
འཁོར་ལོ་	འཁོར་ལོ་	NOUN
འི་	གི་	PART
མགོན་པོ་	མགོན་པོ་	NOUN
འཇམ་དབྱངས་	འཇམ་དབྱངས་	PROPN
མཁྱེན་བརྩེ་	མཁྱེན་བརྩེ་	PROPN
ཐུབ་བསྟན་	ཐུབ་བསྟན་	NOUN
ཆོ་	ཆོ་	NOUN
ཀྱི་	གི་	PART
རྒྱ་མཚོ་	རྒྱ་མཚོ་	NOUN
འི་	གི་	PART
ཞལ་སྔ་	ཞལ་སྔ་	NOUN
ན་	ནས་	PART
ཟབ་	ཟབ་	VERB
ཆོ་	ཆོ་	NOUN
འདི་དག་	འདི་དག་	NO_POS
གི་	གི་	PART
སྨིན་གྲོལ་	སྨིན་གྲོལ་	NOUN
ནོད་པ་	ནོད་པ་	VERB
འི་	གི་	PART
སྐལ་བཟང་	སྐལ་བཟང་	OTHER
ཐོབ་པ་	ཐོབ་པ་	VERB
།		PUNCT
ཕུན་ཚོགས་	ཕུན་ཚོགས་	ADJ
རྣམ་རྒྱལ་པ་	རྣམ་རྒྱལ་པ་	NOUN
ས་	གིས་	PART
འཇུག་པ་	འཇུག་པ་	VERB
བདེ་	བདེ་	VERB
ཕྱི་	ཕྱི་	OTHER
བཀླག་	བཀླག་	VERB
ཆོག་	ཆོག་	VERB
ཏུ་	ལ་	PART
བགྱིས་པ་	བགྱིས་པ་	VERB
སྟེ་	སྟེ་	PART
།		PUNCT
དགེ་བ་	དགེ་བ་	VERB
ས་	གིས་	PART
ཆོ་	ཆོ་	NOUN
འདི་	འདི་	DET
འི་	གི་	PART
ཕྲིན་ལས་	ཕྲིན་ལས་	NOUN
མཁའ་ཁྱབ་	མཁའ་ཁྱབ་	NOUN
ཏུ་	ལ་	PART
འཕེལ་བ་	འཕེལ་བ་	VERB
འི་	གི་	PART
རྒྱུ་	རྒྱུ་	NOUN
ར་	ལ་	PART
གྱུར་ཅིག་	གྱུར་ཅིག་	NO_POS
། །།		PUNCT
